,m,n,c,contigious,A,runtime,optimal_x,optimal_p,solver,breaks,L,penalty
0,30,30,3,,"[[1 1 1 0 1 1 1 0 1 1 0 1 1 0 1 1 1 1 0 1 0 0 0 0 1 0 1 0 0 0]
 [0 0 0 0 1 0 1 0 1 0 1 0 0 0 0 1 1 0 0 1 0 1 1 0 1 0 0 1 1 0]
 [1 1 0 1 1 0 0 0 1 0 0 0 1 0 1 1 0 1 1 0 0 1 1 1 1 0 1 1 1 1]
 [0 0 0 0 0 1 1 0 1 1 0 1 1 0 1 0 1 0 0 1 0 0 0 1 0 1 0 1 0 0]
 [0 1 0 0 0 1 0 1 0 0 0 1 0 0 0 1 1 0 1 0 1 0 0 0 1 0 1 1 1 0]
 [0 0 0 0 1 0 1 1 1 1 1 1 0 1 1 1 0 0 1 1 0 1 0 1 1 1 0 0 0 0]
 [0 0 1 1 0 1 1 0 1 0 1 1 1 1 1 0 0 1 0 1 1 1 1 0 0 1 0 0 1 1]
 [1 1 1 1 0 0 1 0 1 1 1 0 1 1 0 1 0 0 0 1 0 1 1 0 0 1 1 1 1 1]
 [0 1 1 1 1 0 1 1 1 0 1 0 0 1 1 1 1 0 0 0 0 0 0 1 1 1 1 0 1 0]
 [1 0 1 0 1 1 1 1 1 1 1 1 0 0 1 1 0 1 0 0 0 1 1 1 1 0 0 1 0 0]
 [0 1 1 0 1 0 0 1 1 0 0 1 1 0 1 0 0 1 1 1 1 0 1 0 1 1 1 0 0 0]
 [0 0 0 1 1 1 0 0 0 0 0 0 0 0 1 1 1 1 1 1 1 0 1 1 0 0 1 0 1 0]
 [1 0 1 0 0 0 1 1 1 1 1 0 1 1 1 1 0 0 0 1 1 0 1 1 1 0 1 0 1 0]
 [1 1 1 0 1 0 1 0 0 0 0 1 1 0 1 1 0 0 0 0 1 0 0 0 0 0 1 1 0 1]
 [1 1 1 0 1 0 0 0 0 1 1 0 0 1 0 1 1 1 0 0 0 1 0 0 1 0 0 0 0 1]
 [0 0 1 1 1 0 0 0 1 1 1 1 1 0 0 1 0 0 0 1 0 1 1 0 0 1 0 1 0 0]
 [1 1 1 1 1 0 0 1 0 0 1 1 0 1 1 0 0 0 0 0 1 0 0 0 0 0 0 0 0 1]
 [1 0 0 0 1 1 0 0 1 0 1 0 0 0 0 1 1 0 1 0 0 0 0 1 0 0 1 0 1 1]
 [1 0 0 1 1 0 0 0 1 0 0 1 0 1 1 0 1 1 1 1 0 1 0 0 0 0 1 0 0 1]
 [1 0 0 0 1 1 0 1 0 0 0 0 1 1 0 0 0 1 1 1 0 0 0 0 1 1 0 1 0 0]
 [0 0 0 1 1 0 1 1 0 0 0 0 1 1 1 1 0 1 0 1 1 1 1 0 0 1 0 0 1 1]
 [1 1 1 0 1 1 0 1 0 0 1 0 0 1 0 0 1 0 0 1 0 1 1 1 1 0 1 0 1 1]
 [0 1 1 1 1 0 0 1 1 0 0 0 1 1 0 0 0 1 1 1 1 0 1 0 0 0 1 0 1 1]
 [1 0 0 1 0 1 0 1 0 1 1 0 1 1 1 0 1 1 1 0 0 0 0 1 1 1 0 0 1 1]
 [0 1 0 0 1 0 0 1 1 1 0 1 0 1 1 1 0 1 1 1 0 0 0 0 1 1 1 1 1 0]
 [0 0 1 0 1 1 1 0 0 1 1 1 1 0 0 1 1 0 0 0 0 1 1 1 1 0 0 0 1 0]
 [1 1 1 1 1 0 0 0 1 1 0 1 0 0 0 0 0 0 1 0 1 0 0 1 1 1 0 1 1 0]
 [1 1 1 1 1 1 0 1 1 0 1 0 0 0 0 0 0 1 0 0 0 1 0 0 0 0 1 0 1 0]
 [0 1 1 0 1 0 1 1 1 0 0 1 0 0 0 1 0 0 1 1 0 0 0 0 1 0 0 1 0 0]
 [1 1 0 1 1 1 1 0 0 1 0 0 0 0 0 0 0 1 0 0 0 1 1 1 1 0 0 1 1 0]]",8.900887966156006,"[0. 0. 0. 0. 0. 0. 0. 0. 0. 0. 0. 0. 0. 0. 0. 0. 0. 0. 0. 0. 0. 0. 0. 0.
 0. 0. 1. 1. 0. 1.]",28.0,noncspsolver,2,1,
1,30,30,3,,"[[1 0 1 0 0 0 0 1 1 0 1 0 0 0 0 0 1 1 1 1 0 0 0 0 0 0 1 0 0 1]
 [1 0 0 1 0 1 0 0 0 0 0 1 1 1 1 0 0 1 1 0 0 0 1 0 0 0 1 1 0 0]
 [0 1 1 1 1 0 1 1 0 1 1 0 1 1 1 1 0 1 1 1 0 1 1 1 0 1 0 1 0 1]
 [1 0 1 1 0 1 1 0 1 0 0 1 1 0 0 0 1 0 0 1 0 1 1 0 0 0 1 0 1 1]
 [0 0 1 1 0 1 1 1 1 0 1 0 0 1 1 0 1 0 0 0 1 0 1 0 0 1 1 0 0 1]
 [0 0 0 1 0 0 1 1 1 1 1 0 1 0 1 1 0 1 0 0 1 0 0 1 0 1 1 0 1 0]
 [0 0 0 1 1 1 1 0 0 0 1 1 1 0 1 1 0 1 0 0 1 1 0 1 1 0 1 1 0 0]
 [1 0 1 0 1 1 1 1 1 0 1 1 1 0 0 0 0 1 0 0 0 0 1 0 1 0 0 0 1 1]
 [1 0 1 1 0 1 1 1 1 0 1 0 1 1 1 0 1 0 0 1 1 0 1 0 0 1 1 0 0 1]
 [0 1 1 0 1 0 1 0 1 1 1 0 0 1 1 0 0 0 0 1 0 1 0 1 1 0 1 1 0 1]
 [1 0 1 0 1 1 1 1 0 1 1 1 1 0 0 1 0 0 0 1 1 0 0 0 1 0 1 1 1 1]
 [1 1 0 0 0 1 1 1 1 0 1 1 0 1 0 0 0 0 0 0 1 0 1 1 1 0 1 0 0 0]
 [0 0 1 1 0 0 1 0 1 0 1 1 0 0 1 0 1 1 1 1 1 0 0 1 0 0 0 0 0 1]
 [1 0 0 0 0 1 1 1 1 1 1 0 1 0 1 0 1 1 1 1 0 0 1 0 0 0 0 0 1 1]
 [1 0 1 1 0 1 1 1 0 0 1 0 0 0 0 1 0 1 1 1 1 1 1 0 1 0 0 1 1 0]
 [0 1 1 1 1 1 1 0 1 0 1 1 1 1 0 0 0 1 1 0 1 1 1 1 1 1 1 1 1 0]
 [0 1 0 1 0 0 0 1 1 0 1 0 0 0 1 0 1 0 1 1 0 1 1 1 1 0 0 0 1 0]
 [0 1 0 0 1 1 0 1 1 1 0 1 1 0 1 0 1 0 1 0 1 0 1 1 1 0 0 1 1 1]
 [0 1 0 1 0 1 1 1 0 0 1 1 1 0 1 1 1 0 1 0 1 1 0 1 0 1 0 1 1 1]
 [1 1 0 1 1 1 0 1 1 0 0 1 0 1 0 0 0 1 0 1 1 1 0 1 1 1 0 1 1 1]
 [0 1 1 1 0 1 0 0 1 1 0 1 1 0 0 1 0 1 1 0 1 0 0 0 0 0 0 0 1 0]
 [1 1 0 0 1 1 0 1 0 1 1 1 0 0 1 1 0 1 1 1 1 0 0 1 0 1 1 0 1 1]
 [0 0 1 1 1 1 0 1 1 0 0 0 1 0 0 1 1 0 1 0 0 0 1 0 0 0 0 0 0 0]
 [0 0 1 1 0 1 1 0 1 1 0 1 1 1 0 0 0 1 0 1 1 1 1 0 1 1 0 1 1 0]
 [0 0 0 1 1 1 1 1 1 0 1 0 1 1 0 0 1 0 0 1 0 1 1 1 1 0 0 1 0 0]
 [0 0 0 0 0 1 1 0 0 0 1 0 0 1 0 0 0 1 1 0 1 0 0 1 1 1 1 0 1 0]
 [1 0 0 0 1 0 1 1 1 1 0 0 1 0 0 0 0 0 1 0 1 0 0 1 0 1 0 0 1 1]
 [0 0 1 0 1 0 1 1 0 1 0 0 1 1 0 0 0 0 0 1 1 1 0 0 1 0 0 1 0 0]
 [0 0 1 1 0 0 0 0 0 1 1 1 1 0 0 0 0 1 0 1 1 1 0 0 1 0 1 0 1 0]
 [1 1 0 1 1 0 0 1 0 1 1 1 1 1 0 1 1 0 1 1 1 0 1 1 0 1 0 0 0 0]]",14.648499011993408,"[0. 0. 0. 0. 0. 0. 0. 0. 0. 0. 0. 0. 0. 0. 0. 0. 0. 0. 0. 0. 0. 0. 0. 1.
 0. 0. 1. 0. 1. 0.]",28.0,noncspsolver,2,2,
2,30,30,3,,"[[1 1 0 1 1 1 1 1 1 1 1 0 0 1 0 0 0 0 1 0 1 1 0 0 1 0 0 0 1 0]
 [0 0 1 1 1 0 0 1 1 1 1 0 1 0 1 0 1 0 1 0 0 0 1 1 1 0 1 1 0 0]
 [0 0 0 1 1 0 0 0 0 1 0 0 1 0 1 1 0 0 0 0 0 1 1 1 1 0 0 0 1 1]
 [0 1 0 0 0 1 1 0 0 0 0 0 0 1 1 0 1 1 1 0 0 1 1 1 1 0 1 1 1 0]
 [0 0 0 0 1 1 0 0 0 0 0 1 1 1 0 0 0 1 0 1 0 0 1 1 0 1 1 0 0 1]
 [1 0 1 1 1 0 1 0 0 0 0 1 1 0 1 1 1 0 0 1 1 0 0 1 1 1 0 1 1 0]
 [1 0 0 0 1 0 0 0 1 1 1 0 0 0 0 1 1 1 1 1 1 1 1 1 1 0 1 0 0 1]
 [0 0 1 1 1 1 1 0 0 0 1 1 1 0 1 0 0 1 0 0 1 1 0 1 0 1 0 1 1 1]
 [1 0 1 1 1 0 0 1 0 1 0 0 0 0 0 1 1 0 1 0 0 1 1 0 1 1 1 0 1 1]
 [0 0 1 0 1 0 1 0 0 0 1 1 1 1 1 0 0 0 0 0 1 0 1 1 1 0 1 0 1 0]
 [1 0 0 0 0 0 0 1 0 1 0 0 0 0 1 0 1 0 0 0 1 0 0 0 0 1 1 1 1 1]
 [1 1 1 0 1 0 1 1 0 1 0 0 1 1 1 1 0 1 0 0 1 1 1 0 0 0 0 1 0 0]
 [1 1 0 1 1 0 1 0 1 1 0 0 0 1 0 0 0 1 0 0 1 0 1 1 0 1 1 1 1 0]
 [1 1 1 1 1 0 0 1 1 0 0 0 0 0 1 0 1 0 1 0 1 1 1 0 1 0 0 1 0 0]
 [1 1 1 0 1 1 0 1 1 0 1 0 1 1 1 0 0 1 1 0 0 1 0 1 0 0 1 0 1 0]
 [0 0 1 1 0 1 0 0 1 1 0 1 1 0 0 0 1 1 1 1 0 0 1 0 1 0 0 0 1 1]
 [1 1 0 0 1 1 1 1 0 1 1 1 0 1 1 1 0 0 1 0 0 0 0 1 1 1 0 0 1 0]
 [0 1 0 1 1 0 1 0 1 1 0 0 0 1 0 1 1 0 1 0 1 1 1 0 0 0 0 0 1 1]
 [1 0 0 1 1 1 0 1 1 1 0 1 1 0 1 1 0 0 0 0 0 1 1 0 1 1 0 0 0 1]
 [1 0 0 0 1 0 0 0 0 1 0 0 0 1 0 1 1 0 1 0 0 1 0 0 0 1 1 0 1 1]
 [0 1 0 1 0 1 1 0 1 1 0 1 1 1 0 0 0 0 1 0 1 0 0 1 0 1 1 0 1 1]
 [1 0 1 1 1 0 0 0 0 1 1 0 0 1 1 0 1 1 0 0 1 0 0 1 0 1 0 0 1 1]
 [1 1 1 1 0 0 0 1 0 1 0 1 0 1 0 1 1 0 1 1 0 1 1 1 1 0 0 1 0 0]
 [0 1 1 1 1 0 0 1 1 1 1 1 1 0 0 1 0 1 0 1 1 1 0 1 0 1 1 1 0 0]
 [1 1 0 0 0 1 1 0 0 1 1 0 1 0 1 0 1 1 1 1 0 1 0 1 0 0 0 0 1 1]
 [1 0 0 1 0 0 0 0 0 0 0 0 1 0 0 0 0 0 1 0 0 0 1 1 1 0 1 0 0 0]
 [0 1 1 0 0 0 1 1 0 1 0 0 1 0 0 1 1 1 0 1 1 0 0 1 1 0 0 1 0 0]
 [1 1 0 1 0 0 0 0 1 0 0 0 0 1 1 0 0 0 1 0 1 0 0 0 0 1 1 0 0 1]
 [1 0 0 1 1 0 1 0 0 1 1 0 1 1 1 1 1 1 1 0 0 1 0 0 1 0 1 0 1 1]
 [0 1 0 1 0 1 0 1 0 1 0 1 1 1 0 1 1 0 1 1 0 1 1 0 0 0 0 1 1 0]]",12.399194955825806,"[0. 0. 0. 0. 0. 0. 0. 0. 0. 0. 0. 0. 0. 0. 0. 0. 0. 0. 0. 0. 0. 1. 0. 0.
 1. 1. 0. 0. 0. 0.]",30.0,noncspsolver,2,5,
3,30,30,4,,"[[0 1 1 0 1 0 0 0 0 1 1 0 0 1 0 0 0 1 1 0 0 0 0 0 1 0 0 0 0 1]
 [1 1 0 1 1 1 0 0 0 1 1 0 0 1 1 0 0 1 0 1 0 1 1 0 1 1 1 0 0 1]
 [1 0 0 1 0 1 0 0 0 0 0 1 0 1 1 0 1 1 1 1 0 0 1 1 1 1 1 0 1 1]
 [1 1 0 1 0 1 1 0 0 1 0 1 0 0 0 1 1 1 0 0 0 1 1 0 1 1 1 0 0 1]
 [1 1 1 1 0 0 0 0 1 1 0 1 1 0 1 1 1 0 0 1 0 0 1 0 0 1 0 0 1 0]
 [0 0 1 1 1 1 1 0 0 1 1 1 0 1 0 0 1 1 1 1 1 0 0 0 0 1 1 1 1 0]
 [0 1 0 0 0 1 1 0 1 1 1 0 0 1 1 1 1 1 0 0 0 1 0 1 0 0 0 0 0 1]
 [0 0 1 0 1 0 1 1 1 0 0 1 1 1 1 0 1 0 1 0 0 0 0 1 0 0 1 1 1 1]
 [1 0 1 0 1 1 1 1 0 0 1 0 0 1 1 0 0 0 0 0 0 0 0 0 1 1 0 1 0 1]
 [1 1 1 0 0 1 1 1 0 1 1 1 1 0 0 1 1 0 1 1 0 1 0 0 0 0 1 1 1 1]
 [1 0 0 1 1 1 0 0 0 1 1 0 1 0 1 1 1 0 1 1 0 1 1 1 0 0 0 0 0 1]
 [0 1 0 0 0 1 0 1 0 1 0 1 1 1 1 0 0 0 1 1 0 0 0 1 1 1 0 0 1 1]
 [1 1 1 1 1 1 0 1 0 0 0 1 0 1 1 0 0 0 0 1 0 0 1 0 1 1 0 1 0 0]
 [0 0 1 1 0 0 1 1 1 1 1 1 0 0 0 0 1 0 0 1 0 0 1 0 0 1 1 0 1 1]
 [1 1 1 0 0 0 1 1 0 0 1 1 1 0 1 1 1 1 0 1 0 1 0 0 0 1 0 1 0 0]
 [1 0 1 1 1 1 0 0 1 0 1 1 0 0 0 0 1 1 0 1 0 1 0 1 0 0 0 0 1 1]
 [1 0 0 0 0 0 0 0 1 1 1 1 0 0 0 1 1 1 1 1 0 0 0 1 1 0 0 1 0 1]
 [0 1 0 0 1 0 1 0 1 0 0 0 1 1 0 1 0 1 0 1 1 0 0 1 0 1 0 0 1 1]
 [0 1 1 0 1 0 0 0 0 0 1 0 0 0 1 0 1 1 0 1 0 1 1 0 1 1 1 1 1 1]
 [1 0 0 1 1 1 0 1 0 0 1 0 0 1 0 1 1 0 1 0 1 1 0 1 0 0 1 0 0 0]
 [1 1 0 1 1 0 1 0 0 0 0 0 0 1 1 1 0 0 1 1 0 1 0 1 1 1 0 1 1 1]
 [1 1 1 0 1 0 0 1 1 0 1 1 1 1 1 1 1 1 0 1 1 1 0 0 1 0 1 0 1 0]
 [0 1 0 1 1 0 1 1 1 0 0 1 0 0 0 0 1 0 0 1 1 1 1 0 0 1 0 0 0 1]
 [0 0 1 1 0 1 1 0 1 1 1 1 1 1 0 0 0 0 0 1 1 1 0 0 1 1 1 0 0 0]
 [1 1 1 0 1 1 0 1 0 1 0 0 1 1 1 0 0 1 1 1 0 0 0 1 0 0 0 1 0 0]
 [1 0 1 0 0 0 1 0 1 1 1 1 0 1 1 1 1 0 0 1 1 1 0 1 0 1 0 0 1 0]
 [0 1 0 0 1 0 0 0 0 0 1 1 1 1 1 1 1 1 0 1 0 0 1 1 0 0 0 1 1 0]
 [1 1 1 1 1 1 1 0 1 1 0 1 0 1 1 1 1 0 1 1 0 0 1 1 1 1 0 0 1 0]
 [1 0 0 0 1 0 0 0 1 0 1 0 1 1 0 0 0 1 1 1 1 0 0 1 0 0 1 0 0 1]
 [0 1 1 0 0 1 1 0 0 0 0 0 1 0 0 0 0 0 1 0 1 0 0 0 0 0 0 1 1 0]]",6.635700464248657,"[0. 0. 0. 0. 0. 0. 0. 0. 0. 0. 0. 0. 0. 0. 0. 0. 0. 0. 0. 0. 0. 0. 0. 0.
 0. 0. 1. 1. 1. 1.]",30.0,noncspsolver,2,1,
4,30,30,4,,"[[0 0 1 1 1 0 1 1 0 0 1 0 0 0 1 0 0 0 1 1 1 0 1 0 0 1 1 0 0 1]
 [1 1 1 1 1 0 0 0 1 1 1 1 1 0 0 0 1 1 1 0 0 0 0 1 0 0 1 0 0 0]
 [1 0 0 1 1 0 0 1 1 0 1 1 1 1 0 0 1 0 1 0 1 0 0 1 0 0 0 1 1 1]
 [0 1 0 0 1 0 0 0 0 1 1 1 0 0 1 0 1 1 0 1 0 0 1 0 0 0 0 1 1 0]
 [1 0 0 0 0 1 1 0 0 1 1 1 0 0 0 0 1 0 0 1 1 1 0 1 0 1 1 1 0 1]
 [1 0 0 1 1 0 1 0 1 1 1 0 1 0 1 0 0 1 1 0 0 0 1 0 1 0 1 0 1 0]
 [1 1 1 1 0 1 1 1 0 0 1 1 0 0 0 0 1 0 1 1 1 1 0 1 1 0 1 1 0 0]
 [0 1 0 0 1 1 0 1 1 1 1 0 0 1 1 1 1 1 0 1 0 0 0 1 1 0 1 0 1 1]
 [1 0 1 1 1 0 1 0 0 0 1 0 1 0 0 0 0 0 0 0 1 0 1 0 1 0 1 1 0 1]
 [1 0 0 1 0 0 1 1 1 1 0 0 1 1 1 0 0 1 1 1 1 1 0 1 1 0 0 1 1 0]
 [0 1 0 1 1 1 0 1 1 1 0 1 0 1 0 0 1 1 0 1 0 1 0 0 0 0 1 0 1 0]
 [1 1 0 1 1 0 1 0 1 0 1 1 0 1 0 0 0 1 0 0 0 1 1 1 1 1 1 0 0 0]
 [1 0 1 0 1 1 0 0 1 0 0 1 1 1 0 1 0 0 0 0 1 1 0 1 0 0 1 1 0 0]
 [0 0 0 0 0 0 0 0 1 0 0 0 1 1 0 1 0 0 0 0 1 0 0 1 0 0 1 0 1 0]
 [0 1 0 0 1 0 0 1 1 1 1 0 0 0 1 0 0 1 0 0 1 1 0 0 1 0 1 1 1 1]
 [1 1 0 0 1 1 0 1 1 0 0 0 0 1 1 1 1 1 1 0 1 0 1 0 0 0 1 0 0 1]
 [1 0 1 0 1 0 1 0 0 1 0 0 1 0 1 0 0 0 1 0 0 0 1 0 0 0 0 0 0 0]
 [0 0 0 0 1 0 1 0 1 1 0 0 1 1 0 1 0 1 0 1 0 1 1 0 0 0 1 1 0 0]
 [0 0 0 0 1 0 0 0 0 0 0 1 1 1 1 0 0 1 1 1 0 1 0 1 0 0 0 0 0 0]
 [0 1 1 0 0 0 0 1 1 1 1 1 1 1 1 1 1 1 1 1 1 1 0 0 0 0 0 0 0 1]
 [1 0 0 1 1 0 1 0 1 0 0 0 0 0 0 1 0 0 1 1 0 0 0 0 1 0 1 0 0 0]
 [0 1 1 0 0 1 0 1 1 1 1 0 1 1 1 1 1 1 0 0 1 0 0 0 0 0 0 1 1 0]
 [0 1 0 0 0 0 0 1 0 1 1 0 1 0 0 0 1 1 1 0 1 1 0 0 0 1 1 1 1 1]
 [0 1 0 1 0 1 1 0 1 0 0 1 1 0 0 1 1 1 1 1 1 0 1 1 0 0 0 0 1 0]
 [0 0 1 0 1 1 1 1 0 0 0 0 0 1 0 1 0 0 1 1 0 0 1 0 0 0 1 0 1 1]
 [1 0 0 0 0 1 0 1 0 0 0 0 0 1 0 1 1 0 0 0 1 0 1 0 0 0 0 0 0 0]
 [1 0 0 1 0 0 0 0 1 0 1 0 1 1 0 1 0 1 1 1 0 1 1 0 0 0 1 1 1 0]
 [1 0 1 0 0 0 1 1 1 1 1 0 1 1 1 0 1 1 1 1 0 0 0 0 1 0 0 0 1 1]
 [1 0 1 0 0 0 0 1 1 1 1 0 1 0 0 0 0 0 0 0 0 1 1 1 1 1 1 1 0 1]
 [1 0 0 1 0 1 0 0 1 1 1 1 0 1 0 0 0 0 1 1 0 1 1 0 0 1 0 1 0 1]]",15.919941902160645,"[0. 0. 0. 0. 0. 0. 0. 0. 0. 0. 0. 0. 0. 0. 0. 0. 0. 0. 0. 1. 0. 0. 1. 1.
 0. 0. 1. 0. 0. 0.]",29.0,noncspsolver,2,2,
5,30,30,4,,"[[1 1 0 1 0 1 1 1 1 0 1 1 1 0 1 0 1 1 1 0 1 1 1 0 1 0 0 0 0 0]
 [0 0 1 0 0 0 0 1 1 1 0 0 0 0 1 1 1 1 0 1 1 1 1 1 1 0 1 0 1 1]
 [0 1 1 1 1 0 1 1 1 1 1 1 0 0 1 1 0 0 0 1 0 1 0 0 1 1 0 1 1 1]
 [1 1 0 0 1 0 0 0 0 0 1 1 0 0 1 1 0 1 0 1 1 0 1 0 1 1 0 1 0 0]
 [0 0 0 0 1 1 1 0 0 0 1 0 1 0 0 0 0 0 0 1 1 1 1 0 1 0 1 0 0 0]
 [1 1 0 1 0 0 1 0 0 0 0 1 1 1 1 0 1 1 1 0 0 1 1 1 0 1 1 1 1 1]
 [1 0 1 1 1 0 0 0 1 0 0 1 1 1 1 1 0 1 1 1 1 0 0 0 1 0 1 0 1 0]
 [0 0 1 1 1 1 1 1 1 0 0 1 1 0 0 1 0 0 0 1 0 1 0 1 1 0 1 0 1 0]
 [0 1 0 0 0 0 0 0 0 1 1 1 0 1 0 1 0 1 0 1 1 1 0 0 1 0 1 0 0 0]
 [1 1 0 0 0 1 0 1 0 1 0 0 0 0 0 1 1 1 1 0 0 1 1 0 1 0 1 1 0 1]
 [1 1 1 1 0 1 0 0 0 0 1 1 0 1 0 1 1 0 1 0 1 1 0 0 0 0 1 1 0 1]
 [1 0 0 0 1 1 0 0 1 0 0 0 1 0 0 1 1 1 0 0 1 0 1 1 1 0 0 0 0 0]
 [0 1 1 1 1 1 0 1 0 1 1 1 0 0 1 0 0 0 1 1 0 0 1 0 0 1 1 0 0 1]
 [1 1 1 0 0 0 1 0 0 0 1 0 0 1 0 1 0 0 0 0 0 0 1 0 0 1 0 1 1 1]
 [1 1 1 1 0 1 1 1 1 0 0 1 0 1 1 1 0 1 0 0 1 0 0 0 0 0 0 0 1 1]
 [0 0 0 0 0 1 0 0 1 1 1 1 0 0 0 0 0 1 1 0 1 1 0 1 0 1 1 0 1 0]
 [1 1 0 0 1 0 0 1 1 0 0 1 0 1 0 0 1 1 0 1 0 1 0 1 1 0 1 1 0 1]
 [1 1 0 0 0 0 1 0 1 1 0 1 1 0 1 0 0 1 0 1 1 1 0 0 0 0 0 1 0 1]
 [1 1 1 1 0 0 0 1 1 1 0 0 0 0 1 1 1 1 0 1 1 0 1 0 0 1 1 0 1 1]
 [0 0 0 1 0 1 0 1 0 0 1 1 1 1 0 0 0 0 1 0 1 0 0 0 0 1 0 0 0 1]
 [1 0 0 0 1 1 1 1 0 0 1 0 0 0 1 0 1 1 0 1 1 1 0 0 1 0 0 1 0 1]
 [0 1 0 0 0 1 1 1 1 1 1 1 1 1 1 0 0 0 0 1 1 0 0 0 1 0 0 0 0 1]
 [1 1 1 1 1 1 0 0 1 0 0 1 0 0 1 1 1 0 0 1 1 1 1 1 0 0 1 0 0 0]
 [1 0 1 1 1 1 0 1 0 1 1 1 0 1 1 0 1 1 1 1 1 1 1 0 0 1 0 1 1 0]
 [0 1 1 1 0 1 0 1 0 1 1 0 0 1 0 1 0 1 1 0 0 0 1 0 0 1 1 0 1 1]
 [0 1 1 1 1 0 0 1 1 0 0 1 1 1 0 0 1 0 1 0 1 0 0 0 1 0 0 1 1 0]
 [0 0 0 1 0 1 0 0 1 1 1 0 0 1 1 0 0 1 0 1 0 1 0 0 0 1 0 1 0 1]
 [0 0 0 0 1 0 0 1 1 0 1 0 0 1 1 1 1 1 1 0 1 1 0 1 0 0 0 1 1 1]
 [1 1 0 1 1 1 0 0 0 1 1 0 0 0 1 0 0 1 1 0 0 0 0 1 0 0 0 1 0 0]
 [0 1 0 1 0 0 1 1 1 0 1 1 1 1 0 0 1 0 0 0 0 0 1 1 1 0 0 1 1 1]]",8.660151958465576,"[0. 0. 0. 0. 0. 0. 0. 0. 0. 0. 0. 0. 0. 0. 0. 0. 0. 0. 0. 0. 1. 0. 0. 0.
 1. 0. 1. 1. 0. 0.]",30.0,noncspsolver,2,5,
6,30,30,5,,"[[0 1 1 1 0 1 1 1 1 1 1 0 0 0 1 0 0 0 1 0 1 1 0 1 1 1 0 1 0 1]
 [0 0 1 0 1 1 0 0 1 1 0 1 1 1 0 0 1 1 1 0 1 1 0 0 0 1 1 1 0 0]
 [1 1 1 0 1 1 1 1 0 0 0 1 0 0 0 0 1 0 1 0 0 1 1 1 0 0 1 0 0 0]
 [0 1 0 0 1 1 0 1 1 0 0 0 1 1 1 0 0 0 0 1 0 0 0 0 1 1 0 0 1 1]
 [1 0 1 0 0 1 0 1 1 0 0 0 0 0 0 1 1 0 1 0 1 0 1 0 0 1 0 0 0 0]
 [1 1 0 1 1 0 1 0 1 1 0 0 0 1 0 1 0 0 0 0 0 1 1 1 1 0 0 1 1 0]
 [1 1 1 0 0 1 1 1 1 0 1 1 1 1 1 0 1 1 1 0 0 0 1 0 1 0 0 0 1 0]
 [0 0 0 1 0 1 0 1 0 1 0 0 0 0 0 0 0 1 0 1 1 0 1 1 1 0 0 0 1 0]
 [1 0 0 1 0 0 0 1 1 0 0 1 0 0 1 1 1 1 1 1 0 0 1 1 1 0 1 1 1 0]
 [0 1 0 0 0 0 0 0 1 0 1 1 0 0 0 0 1 0 1 0 1 0 0 1 0 0 0 1 0 0]
 [1 1 1 0 0 0 1 0 0 0 0 1 0 0 1 1 1 0 0 0 1 1 1 1 1 1 0 0 1 0]
 [0 1 1 1 1 0 1 1 0 0 1 0 0 1 0 1 1 0 0 0 1 1 0 0 1 1 1 1 1 1]
 [0 0 0 0 1 1 1 1 0 1 1 1 1 1 1 0 0 0 0 0 0 0 1 0 0 0 1 1 0 1]
 [0 1 1 0 0 1 0 0 0 1 0 0 0 1 1 0 0 1 0 1 0 1 1 1 0 0 0 1 0 0]
 [1 1 1 0 1 1 1 1 0 0 1 1 0 0 0 0 1 1 0 0 1 1 0 1 1 0 1 1 1 0]
 [1 1 0 0 1 0 0 1 1 0 1 1 1 1 1 0 0 1 0 1 1 0 0 0 1 1 0 1 1 0]
 [1 1 0 1 1 0 1 0 0 0 0 1 0 1 1 0 0 1 1 0 0 0 0 1 0 1 1 0 1 1]
 [1 1 0 1 1 0 1 1 0 1 1 0 0 1 1 0 0 0 1 1 0 1 1 0 1 1 1 0 1 0]
 [1 1 0 0 0 0 1 1 1 0 1 1 0 1 1 0 0 0 0 0 1 0 1 1 0 1 1 1 0 1]
 [1 1 0 0 0 1 0 1 0 1 1 0 0 0 1 1 1 0 1 1 0 1 0 1 1 1 1 1 0 1]
 [1 0 0 0 0 0 0 0 1 0 1 1 0 1 0 0 1 0 1 0 0 0 1 0 1 0 1 1 1 0]
 [0 0 1 1 0 1 1 0 0 0 0 0 0 1 0 0 0 1 1 0 1 1 1 1 0 1 1 1 0 1]
 [0 1 0 1 1 0 0 0 0 1 1 1 0 0 0 1 0 0 1 1 0 1 1 1 0 1 1 0 0 1]
 [1 1 0 1 1 1 1 1 1 0 1 1 0 0 1 0 0 1 1 1 1 1 0 0 1 1 1 1 1 1]
 [1 1 1 0 1 0 1 1 1 0 1 0 0 0 0 1 1 0 0 1 0 0 0 1 0 1 0 0 1 0]
 [1 1 1 1 0 0 0 1 0 0 0 1 1 0 0 0 1 1 1 0 1 0 1 0 1 0 1 1 0 1]
 [0 1 1 0 1 1 1 0 0 0 0 0 1 0 0 1 0 1 0 1 1 1 1 1 1 1 0 0 0 0]
 [1 0 0 0 0 0 1 0 0 1 1 0 1 0 1 1 1 1 1 1 0 1 0 1 1 0 1 1 0 1]
 [0 0 0 0 0 0 0 1 1 0 1 1 1 0 0 1 0 0 0 0 0 0 1 0 1 0 0 1 1 1]
 [1 0 1 0 0 0 0 0 1 1 1 0 0 1 1 0 0 0 1 0 1 0 1 1 1 0 0 0 1 0]]",6.912042856216431,"[0. 0. 0. 0. 0. 0. 0. 0. 0. 0. 0. 0. 0. 0. 0. 0. 0. 0. 0. 0. 0. 0. 0. 1.
 0. 1. 0. 1. 1. 1.]",30.0,noncspsolver,2,1,
7,30,30,5,,"[[0 1 0 0 0 0 0 1 0 0 0 1 0 0 1 1 0 1 0 0 1 1 1 1 1 1 1 0 1 1]
 [0 0 1 0 0 0 0 1 0 0 1 1 1 1 1 0 1 0 0 1 1 1 1 0 0 1 1 1 1 0]
 [0 0 0 1 0 1 1 1 0 1 1 0 0 0 1 1 0 0 0 0 1 0 0 1 1 1 1 1 0 0]
 [1 0 0 1 0 1 1 0 1 0 1 1 1 0 0 0 1 1 1 1 1 1 0 1 0 0 0 0 0 1]
 [0 1 0 1 0 1 0 1 0 1 0 0 1 0 1 0 0 1 0 0 0 1 0 1 1 0 0 0 1 1]
 [0 1 0 1 0 1 1 0 0 1 1 1 1 0 0 0 0 0 1 0 1 1 0 1 1 0 1 0 1 1]
 [0 1 1 1 1 1 1 0 0 1 1 0 0 1 0 1 1 0 1 0 0 0 1 1 0 0 0 1 1 0]
 [0 1 1 0 1 0 1 1 0 1 0 1 1 0 0 0 1 0 0 0 1 1 1 0 1 0 1 1 1 1]
 [1 0 1 1 0 0 1 1 0 1 1 0 0 0 1 0 0 0 0 0 1 1 0 1 0 0 1 1 1 0]
 [0 0 0 0 0 0 0 1 1 0 1 1 0 1 0 1 1 1 1 0 1 0 0 0 1 1 0 0 1 1]
 [1 0 0 1 1 0 0 0 1 1 1 0 0 1 1 0 1 0 1 1 0 1 0 0 1 0 0 1 1 0]
 [0 0 0 0 0 0 1 0 1 1 0 1 1 1 0 1 0 0 1 1 0 1 1 1 0 1 0 1 0 1]
 [0 1 0 1 0 0 1 0 1 0 1 1 0 0 0 0 0 0 0 0 1 1 0 0 0 1 1 0 0 0]
 [1 0 0 0 0 0 1 0 0 1 1 1 0 0 0 1 1 0 1 1 1 0 1 0 1 0 0 0 0 1]
 [0 1 1 1 0 1 1 0 0 1 1 1 0 0 0 0 0 0 1 0 0 0 0 1 1 0 0 1 0 1]
 [0 0 0 1 1 0 1 1 1 1 0 0 1 1 0 1 1 0 0 1 1 0 0 1 0 1 0 0 1 1]
 [1 0 0 1 0 1 0 0 0 1 1 0 1 0 0 1 0 1 0 1 1 1 0 0 0 0 1 0 1 0]
 [1 1 1 0 1 0 0 1 1 1 1 0 0 1 1 1 0 1 0 1 0 0 0 0 1 0 0 0 1 0]
 [0 1 0 0 1 0 0 0 0 1 1 0 0 1 0 1 0 0 0 0 0 0 1 1 1 0 0 1 1 0]
 [1 0 0 1 0 1 1 0 0 1 1 0 1 0 0 1 0 1 1 0 0 1 1 1 1 0 1 0 1 0]
 [1 0 0 0 1 0 1 0 1 1 0 1 0 0 0 1 0 0 1 1 0 1 0 0 1 0 0 0 1 1]
 [0 1 1 0 0 0 1 1 1 0 1 1 1 0 1 0 1 1 1 0 1 1 1 0 0 1 1 1 0 0]
 [0 0 1 1 1 0 1 1 1 1 1 0 1 1 1 0 1 0 1 1 1 0 1 0 0 0 1 1 0 0]
 [1 0 0 0 0 0 0 1 0 0 1 0 0 0 1 1 0 0 1 0 1 1 1 1 0 0 1 1 1 1]
 [0 1 0 1 0 0 0 0 1 1 1 0 0 0 0 0 0 0 1 1 0 1 1 1 0 1 0 0 1 0]
 [0 0 1 1 0 1 1 0 1 0 0 0 1 1 0 0 0 0 0 1 1 0 0 1 0 0 1 0 1 0]
 [1 1 0 0 1 1 0 1 1 1 0 1 0 0 0 1 0 1 1 0 0 1 1 0 0 1 0 1 0 1]
 [0 0 1 0 1 0 0 1 1 1 0 0 0 0 0 0 1 1 1 0 1 0 1 0 0 0 1 1 0 1]
 [0 1 0 0 1 1 0 1 1 0 0 1 1 1 1 1 1 0 0 1 1 0 1 0 1 0 0 1 1 0]
 [0 1 1 1 0 0 1 1 0 0 0 0 0 0 0 0 1 1 0 0 0 0 1 0 1 0 1 1 1 0]]",7.8498053550720215,"[0. 0. 0. 0. 0. 0. 0. 0. 0. 0. 0. 0. 0. 0. 0. 0. 0. 0. 0. 0. 1. 0. 0. 1.
 1. 0. 0. 1. 1. 0.]",30.0,noncspsolver,2,2,
8,30,30,5,,"[[0 0 0 0 0 0 1 0 0 1 1 0 0 1 0 1 0 1 0 1 1 0 1 1 0 1 0 1 0 0]
 [1 0 0 1 0 1 1 1 1 0 0 1 1 1 1 0 1 1 1 1 1 0 1 0 1 1 0 1 1 1]
 [0 0 1 1 0 1 0 1 1 0 1 0 0 1 0 0 0 0 1 0 1 1 1 1 0 0 0 0 0 0]
 [1 1 0 1 0 0 1 0 1 0 1 1 1 0 0 1 1 0 0 1 1 1 1 1 0 0 1 0 0 0]
 [0 0 1 0 0 1 0 1 1 1 1 1 1 0 1 1 1 1 0 1 0 0 1 0 1 0 0 1 0 0]
 [0 0 1 1 0 0 0 0 0 0 1 1 1 0 0 1 1 1 1 1 0 1 0 1 1 1 1 1 1 1]
 [0 1 1 0 0 1 1 1 0 0 1 0 1 1 1 0 1 0 0 0 1 1 1 1 0 1 1 1 0 0]
 [0 0 0 0 1 0 0 0 1 0 0 0 1 1 1 0 1 1 1 1 0 1 0 1 0 1 1 1 0 1]
 [0 0 0 0 1 1 1 1 1 0 0 0 0 1 1 1 1 1 1 0 0 0 0 1 1 0 0 1 1 1]
 [0 1 1 0 0 0 1 1 1 1 0 0 0 1 1 0 1 1 1 0 0 1 1 0 0 1 0 0 1 1]
 [1 1 1 0 1 1 1 0 0 1 1 0 0 0 0 1 0 0 0 1 1 1 0 0 0 1 1 1 1 1]
 [1 0 1 1 1 1 0 0 0 1 1 1 0 1 1 1 0 0 0 0 0 1 0 1 0 1 1 0 0 0]
 [0 1 1 0 0 0 1 1 1 1 0 1 1 0 1 0 1 0 1 1 0 0 1 1 1 1 0 1 0 1]
 [1 1 1 1 0 0 0 0 0 0 0 1 1 1 0 1 0 1 0 1 0 1 0 0 1 1 0 0 0 0]
 [0 0 1 0 0 1 0 1 0 1 1 0 1 0 1 1 1 0 0 0 1 0 0 1 0 0 0 1 1 0]
 [0 1 0 0 1 0 0 0 1 0 1 1 1 0 1 1 0 0 0 0 0 1 0 0 1 0 1 1 0 1]
 [0 0 0 1 0 0 1 1 0 1 0 0 0 1 0 0 1 0 0 0 1 0 1 1 0 0 0 1 0 1]
 [1 1 0 1 0 1 0 1 0 1 0 0 0 1 0 0 0 0 1 0 0 0 0 1 0 1 1 0 1 0]
 [0 1 1 0 1 0 1 0 1 0 0 0 1 0 0 0 0 1 1 0 0 1 0 1 0 0 0 1 0 1]
 [0 0 0 0 0 0 0 1 0 1 0 0 0 0 1 1 0 1 1 0 0 1 1 0 1 1 1 1 0 0]
 [1 1 0 0 0 1 1 1 1 1 0 1 1 0 0 0 0 0 0 1 0 1 1 1 1 0 0 1 0 0]
 [1 1 1 0 0 0 0 1 1 1 1 1 1 0 1 1 1 0 0 0 0 1 0 1 0 1 0 0 1 1]
 [1 0 0 1 1 0 0 0 0 0 0 1 0 0 1 1 0 0 1 1 0 0 0 0 1 1 0 0 1 0]
 [1 0 0 1 1 0 0 0 1 1 0 0 0 1 1 0 1 1 1 0 0 0 1 0 1 0 0 0 0 1]
 [1 1 1 1 0 0 0 1 1 0 0 1 1 0 0 1 1 0 1 0 1 0 1 0 0 0 0 1 0 1]
 [0 1 0 1 1 1 0 1 0 0 0 1 0 1 1 0 1 1 1 0 1 0 1 1 1 1 0 0 0 1]
 [1 0 1 1 1 0 0 0 1 0 1 0 0 0 1 1 1 1 1 0 0 0 0 1 1 1 0 1 1 1]
 [1 0 1 0 1 0 0 1 1 0 0 1 1 0 1 1 0 1 1 0 1 1 1 1 1 0 0 0 0 0]
 [1 1 0 1 1 1 0 0 1 1 1 1 0 0 1 1 1 0 1 1 1 1 0 1 1 1 0 0 0 1]
 [1 0 0 0 1 1 1 1 0 1 0 1 0 0 1 1 0 1 1 0 1 1 1 1 0 0 1 0 1 0]]",7.605422258377075,"[0. 0. 0. 0. 0. 0. 0. 0. 0. 0. 0. 0. 0. 0. 0. 0. 0. 0. 0. 0. 0. 0. 1. 0.
 1. 0. 1. 1. 1. 0.]",30.0,noncspsolver,2,5,
9,30,30,6,,"[[0 0 1 1 0 1 1 0 1 0 1 0 0 1 0 0 1 0 0 1 1 0 0 0 0 0 0 0 1 0]
 [0 0 1 1 1 0 1 1 0 0 1 1 1 1 0 1 1 0 1 0 0 0 1 0 1 1 0 1 0 0]
 [1 1 1 0 1 1 0 0 1 0 1 1 1 1 1 1 1 1 1 1 0 1 1 1 1 1 0 0 1 0]
 [0 0 1 1 1 0 0 1 0 1 0 0 0 1 0 0 0 1 0 0 0 0 0 1 0 0 1 0 1 1]
 [1 1 0 0 0 1 0 1 1 1 0 0 1 0 0 1 0 1 1 1 0 1 0 1 0 0 1 0 1 0]
 [1 1 0 0 0 0 1 0 1 1 1 1 1 0 1 0 1 1 0 1 0 0 1 1 0 0 1 1 1 0]
 [1 0 0 1 1 0 0 0 0 1 0 1 0 0 0 1 0 1 0 1 1 1 1 0 0 1 0 0 0 1]
 [0 0 1 1 0 1 0 1 1 0 0 0 0 1 1 0 1 1 1 1 0 0 0 1 1 1 0 0 0 0]
 [0 0 0 1 0 1 1 0 0 0 1 1 0 1 0 0 1 0 0 0 1 1 0 0 1 0 0 0 1 0]
 [0 0 0 0 1 0 0 0 1 1 1 0 0 0 1 1 0 0 1 0 1 1 0 1 0 1 1 1 1 0]
 [0 0 0 0 1 0 1 1 1 1 1 1 0 0 1 1 1 0 1 0 1 1 1 0 0 1 0 1 0 0]
 [0 1 0 0 1 1 1 1 0 1 1 0 0 0 0 1 0 0 1 1 1 0 1 0 1 0 0 0 0 1]
 [0 1 1 1 1 1 1 0 1 0 0 1 1 1 0 1 1 0 1 0 0 0 1 0 0 0 1 1 1 0]
 [1 0 1 1 1 1 0 0 1 0 1 1 0 1 0 1 1 0 1 0 1 0 0 1 0 1 1 0 0 1]
 [0 0 0 1 1 1 1 0 1 0 0 1 1 1 0 1 0 0 1 1 0 0 1 0 0 0 0 1 1 1]
 [1 0 0 0 1 0 0 0 1 1 0 1 0 0 0 0 0 1 1 0 0 1 0 0 0 1 0 1 1 0]
 [0 0 1 0 1 1 0 1 0 1 1 1 0 1 1 1 0 0 0 0 1 0 1 1 0 1 1 1 0 1]
 [1 0 0 0 1 1 0 0 1 0 0 1 1 1 1 1 0 1 0 1 1 1 1 0 1 1 1 0 0 0]
 [1 0 0 0 0 1 0 1 0 0 0 1 1 0 0 0 0 0 0 0 0 1 0 1 0 1 0 1 1 1]
 [1 1 1 1 1 1 1 0 0 0 1 0 0 0 1 1 1 1 1 0 0 0 0 0 0 0 1 0 1 0]
 [0 0 0 0 1 1 1 1 0 0 0 0 0 1 0 1 1 0 0 1 0 1 0 1 1 1 1 0 0 0]
 [1 1 0 1 0 1 0 0 1 0 0 1 1 0 0 1 0 0 1 0 0 1 0 0 0 1 1 0 0 0]
 [0 1 1 0 1 1 0 1 1 0 0 0 1 0 1 0 1 0 1 0 0 1 0 0 0 0 0 0 1 0]
 [1 1 1 0 0 1 1 0 0 1 1 0 1 0 0 0 0 1 1 1 1 0 0 1 0 0 0 0 1 1]
 [1 0 1 1 1 0 1 0 0 1 1 1 0 0 1 0 0 1 0 0 0 1 0 0 0 0 1 1 0 0]
 [1 1 1 0 1 1 1 0 1 1 0 0 1 1 0 0 0 0 0 1 0 1 0 1 0 0 1 0 0 1]
 [1 0 0 0 0 0 0 0 0 1 0 0 1 0 0 1 1 1 1 1 1 1 0 1 0 1 1 1 1 0]
 [1 1 1 0 0 0 1 0 0 0 0 0 0 1 1 1 0 1 0 0 0 1 1 0 0 0 1 1 0 0]
 [1 1 0 1 0 1 1 0 0 0 1 1 1 0 0 0 0 0 1 1 1 0 0 1 0 0 0 1 0 0]
 [0 1 0 1 0 0 1 1 1 1 1 1 0 0 1 0 1 1 0 1 0 1 1 1 0 1 1 0 0 0]]",6.815369367599487,"[0. 0. 0. 0. 0. 0. 0. 0. 0. 0. 0. 0. 0. 0. 0. 0. 0. 0. 0. 0. 0. 0. 1. 0.
 1. 1. 1. 1. 1. 0.]",30.0,noncspsolver,2,1,
10,30,30,6,,"[[0 1 1 1 0 1 1 1 0 0 1 0 1 0 1 0 1 0 1 1 1 1 1 1 1 0 1 1 0 1]
 [1 0 1 1 0 0 0 1 1 0 0 1 0 1 1 1 0 0 1 1 1 0 1 1 0 0 1 1 0 1]
 [1 1 0 0 0 1 0 0 1 1 0 0 1 1 0 1 1 1 1 1 1 1 1 1 0 1 0 1 1 0]
 [0 1 1 1 1 0 1 0 1 0 1 1 1 0 0 1 1 1 1 0 1 0 1 1 1 1 1 0 1 1]
 [1 0 1 1 1 1 0 1 1 0 0 1 1 1 0 1 0 1 0 1 1 1 1 0 0 1 1 1 0 0]
 [1 1 1 0 1 1 0 0 0 1 1 1 1 0 1 0 0 0 0 1 0 0 0 1 1 0 1 0 1 0]
 [0 1 0 1 0 0 1 1 1 1 0 1 0 0 1 0 1 0 1 1 0 0 0 0 0 1 1 0 1 1]
 [0 0 0 0 1 0 1 1 0 0 1 1 0 0 1 1 0 1 0 0 1 1 0 1 0 1 1 0 1 1]
 [1 1 1 0 1 0 1 1 0 1 0 0 0 0 0 1 0 1 1 0 0 0 1 0 0 0 0 1 0 0]
 [1 0 1 0 1 0 0 1 1 1 1 0 0 1 0 1 1 1 1 0 0 0 0 0 0 1 1 0 1 1]
 [0 0 0 1 1 1 0 1 1 0 0 0 0 0 1 0 0 0 1 0 1 0 0 0 1 1 0 0 1 1]
 [0 0 0 1 1 1 0 1 1 1 0 1 1 1 1 1 1 1 1 0 1 1 0 0 1 0 0 1 0 1]
 [0 1 1 1 1 0 1 1 1 0 1 1 0 0 0 0 0 1 1 1 1 1 1 0 0 1 1 0 1 0]
 [1 1 0 1 1 1 0 0 1 1 0 1 0 1 1 1 0 1 1 1 1 1 0 0 1 0 1 0 1 1]
 [0 1 1 0 1 0 0 1 0 0 0 1 1 0 0 0 0 0 0 1 1 1 1 0 0 0 1 1 0 1]
 [0 0 1 1 0 1 0 1 1 1 1 1 0 0 0 0 0 0 0 0 0 0 1 0 0 0 0 0 0 1]
 [1 0 1 0 1 0 1 0 0 1 0 1 0 0 0 1 0 0 0 1 1 0 0 1 1 0 1 1 0 1]
 [1 0 1 1 0 0 1 1 0 1 0 0 1 1 0 1 0 1 1 1 0 1 0 1 1 0 0 0 0 1]
 [1 1 1 0 0 1 0 1 1 0 1 0 0 1 1 1 1 0 0 1 1 0 0 0 1 0 1 1 0 0]
 [1 0 0 1 1 0 0 1 1 1 1 1 1 0 1 0 0 1 0 0 0 1 0 1 0 1 1 0 0 0]
 [0 1 0 1 1 0 1 1 1 0 0 1 0 1 0 1 1 1 0 1 0 0 1 1 1 1 0 0 0 1]
 [0 0 1 0 1 1 0 1 0 0 0 0 0 0 0 0 0 1 1 0 0 1 1 1 0 1 1 1 1 0]
 [1 1 1 0 1 1 1 0 0 0 1 1 1 1 1 1 1 0 1 0 0 0 1 0 1 1 1 0 0 0]
 [1 0 1 0 0 0 1 0 1 0 1 0 1 1 1 1 1 1 0 1 0 0 0 0 0 1 0 0 1 1]
 [1 0 0 1 0 0 1 1 1 0 0 0 1 1 0 0 1 0 0 0 1 0 0 0 1 0 1 0 1 1]
 [1 1 0 1 0 0 0 1 1 1 1 1 1 0 1 1 1 1 0 0 1 0 1 0 1 1 0 0 1 1]
 [0 1 1 0 1 1 1 0 1 0 1 1 1 1 0 0 0 0 1 1 1 0 1 1 1 0 0 1 0 1]
 [1 1 1 1 0 0 0 1 1 0 0 0 1 1 0 0 1 1 1 0 1 1 0 1 0 1 1 1 1 0]
 [0 1 0 0 1 0 0 1 0 0 0 1 1 0 1 1 1 0 1 0 0 1 0 1 1 1 1 1 1 1]
 [0 0 0 1 0 1 1 0 1 0 1 0 0 1 0 1 1 0 1 0 1 0 1 0 1 0 1 0 0 1]]",6.736328601837158,"[0. 0. 0. 0. 0. 0. 0. 0. 0. 0. 0. 0. 0. 0. 0. 0. 0. 0. 0. 0. 1. 0. 1. 1.
 1. 0. 0. 1. 1. 0.]",30.0,noncspsolver,2,2,
11,30,30,6,,"[[1 0 1 0 0 0 1 1 0 1 0 0 0 1 1 0 1 1 1 0 1 1 0 0 1 0 0 1 0 0]
 [1 0 0 0 1 0 0 1 0 1 0 1 1 1 0 1 1 1 0 1 1 0 1 0 0 0 1 1 0 1]
 [1 1 1 0 1 1 0 1 0 0 1 0 1 0 1 0 1 1 1 0 0 1 1 0 0 0 1 1 0 0]
 [0 1 0 1 0 0 1 0 1 0 1 0 1 0 1 1 0 0 1 0 0 1 1 1 0 1 1 1 1 1]
 [1 0 1 1 1 1 1 0 0 1 0 1 0 1 1 0 1 0 1 0 1 1 0 0 1 0 1 1 0 1]
 [0 1 0 1 1 0 0 1 1 0 1 0 1 1 0 0 0 0 1 0 1 0 0 1 0 1 1 0 1 0]
 [1 1 1 0 0 1 0 1 0 1 1 1 1 0 1 0 0 0 1 0 1 0 0 1 0 1 1 0 0 0]
 [1 0 1 1 0 1 0 1 1 0 1 0 1 0 0 0 0 1 1 0 1 1 0 1 1 0 1 0 0 1]
 [0 1 1 1 1 0 1 1 0 1 0 0 1 0 0 0 0 0 1 1 0 1 1 1 1 0 1 1 1 1]
 [0 1 1 0 1 1 0 1 0 1 1 0 1 1 0 0 0 0 1 0 1 0 0 1 1 1 0 1 1 0]
 [0 1 1 0 0 0 0 0 1 0 0 1 0 1 0 0 1 1 0 1 0 1 1 1 0 0 0 0 0 0]
 [0 1 1 1 1 0 0 0 1 1 0 1 0 1 1 0 0 1 1 0 0 0 1 0 0 0 1 1 1 1]
 [1 1 1 0 1 1 0 1 1 0 1 0 0 0 1 1 1 1 0 1 1 1 1 0 1 0 1 1 1 0]
 [0 1 0 0 0 0 1 0 0 1 1 0 1 1 0 1 1 0 0 1 0 0 1 0 1 1 1 0 1 0]
 [0 1 0 1 0 1 0 1 1 0 0 1 1 0 1 0 0 1 1 1 0 0 0 0 0 1 0 1 0 1]
 [0 0 1 0 1 1 0 1 1 0 0 1 1 1 1 0 0 1 0 0 1 0 0 0 1 0 0 0 0 0]
 [1 1 0 0 1 0 0 1 0 1 1 0 1 1 0 1 1 0 0 0 0 0 1 0 1 1 1 1 0 1]
 [1 0 1 1 1 1 0 0 1 1 1 1 1 1 0 1 1 0 1 1 0 0 0 0 0 0 0 0 1 0]
 [0 0 0 0 0 1 0 1 1 0 1 1 0 1 1 1 1 1 0 1 1 1 0 1 0 1 1 0 0 1]
 [1 1 0 1 1 1 0 0 0 0 0 1 0 1 0 1 1 1 1 1 1 0 1 0 1 0 0 0 1 0]
 [1 0 0 1 0 0 0 0 1 1 1 0 1 0 1 0 0 1 1 0 0 0 0 1 0 0 0 1 0 0]
 [1 1 0 0 1 1 1 1 0 1 1 0 0 0 1 1 1 0 0 0 0 1 1 1 1 0 0 1 0 1]
 [1 0 1 1 1 1 0 0 0 0 0 0 0 0 0 0 0 0 1 0 1 1 1 0 0 1 0 1 1 1]
 [1 1 0 0 1 1 0 1 1 0 1 1 0 0 1 0 1 0 1 0 0 0 1 1 0 0 1 1 1 0]
 [1 0 0 0 1 1 1 0 1 1 0 1 0 0 1 1 0 0 1 1 1 0 1 1 1 0 0 1 1 0]
 [1 0 1 0 1 1 0 0 1 1 1 1 1 0 1 0 0 1 0 0 1 1 0 0 1 1 0 1 1 1]
 [1 0 1 1 0 0 1 1 0 0 1 0 1 0 1 0 1 1 0 1 0 1 1 0 1 0 0 1 0 0]
 [0 1 0 1 0 0 0 1 0 1 0 0 0 0 1 0 0 1 1 0 0 1 0 0 1 0 0 1 0 1]
 [0 1 1 0 0 1 0 1 1 0 0 1 0 1 1 1 0 1 1 1 0 1 0 0 0 0 0 1 0 0]
 [0 0 0 1 0 0 1 0 0 0 0 1 0 1 0 0 0 1 1 1 0 1 1 0 0 1 0 1 0 1]]",7.738926649093628,"[0. 0. 0. 0. 0. 0. 0. 0. 0. 0. 0. 0. 0. 0. 0. 0. 0. 0. 0. 0. 1. 0. 0. 1.
 0. 1. 1. 1. 1. 0.]",30.0,noncspsolver,2,5,
12,30,30,7,,"[[0 0 1 1 0 0 1 1 1 1 1 0 0 1 0 0 0 1 0 1 0 1 0 0 1 0 1 0 0 1]
 [0 0 1 0 0 1 0 0 0 1 0 1 0 1 1 1 1 1 1 0 1 0 1 1 0 1 0 1 1 0]
 [0 1 1 0 0 0 0 0 1 1 0 0 0 1 1 1 1 0 0 0 1 1 0 1 1 0 1 1 0 1]
 [1 0 0 1 0 1 0 1 1 1 0 1 0 0 0 0 0 1 1 0 0 0 1 0 1 0 0 0 1 1]
 [0 0 1 0 1 1 1 0 0 1 0 1 0 0 0 1 1 1 0 1 1 1 0 1 0 0 0 0 0 0]
 [0 1 0 0 0 0 1 1 0 0 0 1 0 0 0 1 1 0 0 1 0 1 1 0 1 0 0 0 1 0]
 [1 1 1 0 0 0 0 0 1 1 0 0 0 0 0 1 1 0 1 1 1 1 0 0 1 1 0 1 1 0]
 [1 1 1 0 1 0 0 0 1 0 0 1 1 0 1 1 0 0 1 1 0 0 1 1 0 0 1 1 0 1]
 [0 0 0 1 0 0 0 1 1 0 1 1 0 0 0 0 1 1 0 1 1 0 1 0 1 1 1 0 1 1]
 [1 1 1 0 0 0 1 1 0 1 0 1 0 0 1 1 1 0 0 0 0 1 0 1 0 0 0 1 1 1]
 [1 0 0 1 1 0 0 1 1 1 0 1 1 1 1 1 0 0 0 0 1 1 0 0 0 0 1 1 1 1]
 [0 0 1 0 0 1 0 1 0 1 1 1 1 0 1 1 1 0 1 1 1 1 0 0 0 0 0 1 0 1]
 [1 0 1 1 1 1 1 0 1 0 0 1 0 1 1 0 0 1 0 0 1 1 1 1 1 0 1 1 1 0]
 [1 0 1 1 1 0 1 0 0 1 0 0 1 0 1 1 0 0 0 0 0 0 0 1 0 1 1 1 0 1]
 [0 1 1 0 1 0 0 1 0 1 1 1 0 1 1 0 0 0 0 1 1 0 1 1 1 1 0 0 0 1]
 [1 1 1 0 0 1 0 1 1 0 1 1 0 1 1 1 0 1 1 0 1 0 1 0 1 1 1 0 0 0]
 [0 1 0 1 0 1 0 1 1 1 1 0 0 0 1 0 0 1 1 1 0 1 1 0 1 1 0 1 0 0]
 [0 1 1 0 1 0 0 1 0 0 0 1 1 0 1 0 1 0 0 0 1 0 0 0 1 1 1 0 1 1]
 [0 1 1 1 1 0 0 1 0 1 0 1 0 1 0 1 0 0 1 1 1 0 1 0 1 1 0 1 0 1]
 [1 1 1 1 0 0 0 1 1 1 1 1 0 0 1 1 0 1 0 1 1 1 0 1 0 0 0 0 1 1]
 [0 1 0 1 1 0 0 1 1 1 1 0 1 0 0 1 0 1 1 1 1 1 0 1 1 0 0 0 1 0]
 [1 0 1 1 1 0 0 1 1 1 1 0 1 1 1 1 1 0 1 0 0 1 1 0 0 0 0 0 1 0]
 [0 1 0 1 1 0 0 0 0 0 1 1 1 0 0 0 0 1 0 1 0 1 0 1 1 0 0 0 1 1]
 [1 1 1 0 1 0 0 1 1 1 0 1 1 1 1 0 1 1 1 0 1 1 1 0 1 1 0 0 1 1]
 [1 0 0 1 0 0 0 0 0 0 0 1 0 1 0 1 1 0 1 0 1 1 0 1 1 1 1 0 1 1]
 [1 0 0 0 1 0 0 1 1 1 1 0 0 0 1 0 1 1 0 0 0 0 0 0 1 0 1 0 1 1]
 [0 0 1 0 1 1 0 0 0 0 0 1 0 0 1 0 1 0 0 0 1 1 0 0 1 0 1 1 1 1]
 [0 0 1 0 0 0 0 1 1 0 0 0 0 1 0 1 0 0 1 1 1 0 1 0 1 0 0 1 1 1]
 [1 0 1 1 0 0 1 1 1 1 1 0 1 0 1 1 1 0 1 1 0 1 0 1 0 1 0 0 1 1]
 [1 0 1 1 1 1 0 1 1 1 0 0 0 1 0 0 1 1 0 0 1 1 1 1 0 1 0 1 1 0]]",7.229640960693359,"[0. 0. 0. 0. 0. 0. 0. 0. 0. 0. 0. 0. 0. 0. 0. 0. 0. 0. 0. 0. 0. 1. 1. 0.
 1. 0. 1. 1. 1. 1.]",30.0,noncspsolver,2,1,
13,30,30,7,,"[[1 0 1 1 1 1 1 0 1 0 1 0 0 1 1 0 1 1 1 1 0 0 0 0 0 0 0 0 0 1]
 [1 0 0 1 0 1 1 0 0 1 1 0 0 0 1 1 0 0 1 0 0 1 1 0 1 0 0 0 1 1]
 [1 1 1 0 1 0 0 1 1 1 1 0 0 1 1 1 1 1 0 0 0 0 1 1 1 0 0 1 0 0]
 [1 0 0 0 1 0 1 1 0 0 1 0 0 1 1 1 0 0 0 1 0 0 1 1 0 1 1 1 0 1]
 [1 0 0 1 0 0 1 0 0 1 1 1 1 0 1 0 1 1 1 0 1 0 1 0 1 0 1 0 1 1]
 [0 1 0 1 0 0 1 1 0 0 0 1 0 1 0 0 0 0 1 0 0 1 0 0 1 0 0 0 0 1]
 [1 0 1 0 1 1 0 1 0 1 0 1 0 0 0 1 1 1 0 0 0 0 1 0 1 1 1 1 0 1]
 [0 1 1 0 1 0 1 1 0 0 1 0 0 1 0 1 0 0 1 1 0 0 1 0 1 0 1 1 0 0]
 [0 1 0 0 1 1 1 0 1 1 0 0 1 1 0 0 0 0 0 0 0 1 0 1 0 1 1 1 0 1]
 [1 0 1 0 1 1 1 0 0 0 0 1 0 1 0 0 0 1 0 0 0 0 0 1 0 1 0 0 1 1]
 [1 0 0 1 1 1 1 1 1 1 0 1 0 1 0 0 1 0 1 0 0 0 1 0 0 1 1 1 1 1]
 [0 0 0 0 1 0 1 1 0 1 1 1 1 0 1 1 1 1 0 1 0 1 0 1 0 1 1 1 1 1]
 [0 0 1 1 1 1 0 0 1 0 1 0 0 1 0 0 1 1 0 1 0 1 0 1 1 0 0 1 0 0]
 [0 1 0 0 1 1 1 1 0 1 1 1 0 1 1 0 1 0 0 0 0 1 0 1 0 1 1 0 1 0]
 [1 1 0 0 1 1 0 1 1 0 1 0 0 0 0 0 0 0 1 0 1 1 0 0 1 1 1 1 0 0]
 [1 1 0 1 0 1 0 1 1 0 1 1 1 1 1 1 1 1 0 1 1 1 0 0 1 0 0 0 0 1]
 [1 1 0 1 1 1 0 0 1 0 0 1 1 0 1 1 0 1 0 1 1 0 1 0 1 1 0 0 1 1]
 [0 0 0 0 0 1 1 0 1 0 0 1 0 0 1 1 1 0 1 0 1 1 1 0 1 0 1 0 1 1]
 [1 0 0 0 1 1 1 0 1 0 0 0 1 1 1 1 0 1 1 0 0 1 0 1 0 0 0 1 1 1]
 [1 0 0 1 0 1 1 0 0 0 0 1 0 1 0 1 0 0 0 1 0 1 0 0 1 0 0 0 0 1]
 [1 0 1 1 0 0 1 0 1 0 0 0 0 1 0 0 1 0 1 0 1 1 0 0 0 1 1 0 1 0]
 [1 1 1 0 1 0 1 1 1 1 1 1 1 0 0 1 1 1 1 1 1 0 1 1 0 0 1 1 1 0]
 [1 0 0 1 0 1 0 0 0 0 0 0 0 1 0 1 1 1 0 1 0 0 1 0 0 0 1 0 0 1]
 [0 1 0 0 0 1 0 0 0 1 0 0 0 1 1 1 1 0 1 0 0 1 0 1 0 1 0 0 1 0]
 [0 0 0 1 0 0 1 1 0 0 1 1 0 0 0 0 0 0 0 0 1 0 0 1 1 0 1 0 1 1]
 [1 0 0 0 0 1 1 1 0 1 1 1 0 0 1 0 0 0 1 0 1 0 1 1 0 1 1 0 1 1]
 [0 1 0 0 1 1 1 1 1 1 1 0 1 1 0 1 1 0 0 0 1 0 1 0 0 1 1 1 1 1]
 [1 0 0 0 1 1 0 0 0 1 0 0 0 1 0 0 1 1 0 0 1 0 1 0 1 0 1 0 1 1]
 [1 0 0 0 0 0 0 1 1 1 0 1 1 1 1 0 0 0 1 1 1 1 1 0 1 1 1 1 1 0]
 [0 0 1 1 0 0 1 0 1 0 1 0 1 0 1 1 0 1 1 1 0 1 0 1 1 0 1 0 1 1]]",7.479223728179932,"[0. 0. 0. 0. 0. 0. 0. 0. 0. 0. 0. 0. 0. 0. 0. 0. 0. 0. 1. 0. 0. 1. 1. 1.
 1. 1. 0. 0. 1. 0.]",30.0,noncspsolver,2,2,
14,30,30,7,,"[[1 0 0 0 0 0 1 1 0 1 1 0 0 1 0 1 1 1 1 0 1 0 0 1 0 1 0 0 1 1]
 [0 0 1 0 0 0 0 1 0 0 1 1 0 1 0 0 0 1 0 1 1 1 0 0 1 1 1 1 0 0]
 [1 0 1 1 1 0 0 1 0 1 1 0 0 0 0 0 0 1 1 1 1 0 1 0 1 0 0 1 0 0]
 [0 0 0 0 1 1 0 0 0 1 1 0 1 0 1 1 1 0 0 1 1 0 1 0 1 1 0 0 1 0]
 [0 1 0 0 1 0 1 0 0 1 1 1 0 0 1 1 1 0 1 0 0 1 1 0 1 0 0 1 1 1]
 [1 0 1 1 0 1 1 0 0 0 0 1 0 0 0 1 0 1 0 1 0 1 0 0 0 0 0 1 0 0]
 [0 0 1 1 1 0 0 0 0 1 1 0 0 0 0 1 1 1 0 1 0 1 1 0 1 1 0 0 0 0]
 [1 0 1 1 0 1 0 0 0 1 0 0 0 0 0 1 0 1 0 1 0 0 1 1 1 0 1 1 1 1]
 [1 1 0 0 1 0 1 1 1 1 0 1 0 0 1 0 1 0 0 0 1 1 1 0 0 1 0 1 1 0]
 [1 1 1 1 1 0 0 0 0 0 1 0 1 0 1 1 0 0 0 1 0 0 0 1 1 0 0 0 1 0]
 [0 1 0 1 1 1 0 1 1 0 0 1 0 0 1 0 0 0 0 1 0 1 1 0 1 1 0 1 1 0]
 [0 0 1 0 0 1 1 0 0 1 1 1 1 0 0 0 0 1 0 0 0 1 0 0 1 1 0 1 0 1]
 [1 0 1 1 0 1 1 1 0 0 0 0 0 1 1 0 0 0 0 1 0 0 0 0 0 0 0 1 1 0]
 [0 0 0 1 0 0 1 1 0 0 0 0 0 0 0 1 1 0 1 0 0 1 0 0 1 1 0 1 1 1]
 [1 1 0 1 0 1 0 1 1 1 1 1 1 1 0 0 0 0 1 1 1 0 1 1 0 1 0 0 0 1]
 [0 1 0 0 0 0 1 0 0 0 1 0 1 1 1 0 1 1 0 1 0 1 0 1 0 0 1 0 0 1]
 [0 1 1 1 1 0 1 0 0 1 0 0 0 1 1 1 1 0 1 1 0 1 1 1 0 1 1 0 1 0]
 [0 0 0 1 1 0 0 0 1 0 0 1 1 0 0 0 1 0 1 1 1 0 1 1 0 1 1 0 1 0]
 [0 1 1 0 1 0 0 0 0 0 1 1 0 0 0 1 0 1 1 0 1 0 1 1 1 1 1 0 1 1]
 [0 0 1 0 1 1 1 0 0 0 1 1 1 0 0 1 0 0 0 0 1 0 1 0 1 0 1 1 0 0]
 [1 1 1 0 1 1 0 0 0 0 0 0 0 0 0 0 1 1 1 0 1 1 0 0 1 1 0 0 1 1]
 [1 0 0 0 0 1 1 0 0 0 1 1 1 1 1 0 0 1 1 0 1 0 0 1 1 1 0 1 1 0]
 [0 1 0 0 1 0 0 0 0 0 1 1 1 0 1 0 0 0 0 1 0 1 0 0 0 1 1 1 1 0]
 [0 1 1 1 1 0 1 0 1 1 1 1 1 1 1 1 0 0 1 1 1 0 1 1 0 0 1 1 1 1]
 [1 0 0 1 1 1 1 1 0 0 1 1 1 1 1 1 1 0 0 1 1 0 0 0 1 0 0 1 0 1]
 [0 0 0 1 0 1 1 0 1 1 0 0 1 1 0 0 1 1 0 0 1 0 1 1 0 1 0 0 0 0]
 [0 1 0 1 1 0 0 0 0 0 1 1 1 1 0 0 0 1 1 1 0 1 1 1 1 0 1 0 0 1]
 [0 1 1 1 1 1 0 0 1 1 0 0 1 0 0 0 1 0 1 0 1 0 1 1 1 1 0 1 0 1]
 [1 0 1 1 1 1 1 0 0 1 0 0 0 0 1 0 1 0 1 0 1 1 1 1 0 0 1 1 1 1]
 [0 0 0 0 0 0 1 1 0 1 1 0 1 0 1 0 0 1 1 0 1 1 0 1 0 0 1 1 0 1]]",6.920246839523315,"[0. 0. 0. 0. 0. 0. 0. 0. 0. 0. 0. 0. 0. 0. 0. 0. 0. 0. 1. 1. 0. 0. 0. 1.
 0. 1. 1. 1. 1. 0.]",30.0,noncspsolver,2,5,
15,30,30,3,,"[[1 0 0 0 1 0 0 1 1 0 0 1 0 1 0 1 0 1 1 0 0 0 0 0 1 0 0 0 0 1]
 [0 1 0 0 0 1 1 0 0 1 1 0 0 1 1 1 1 1 1 1 0 0 0 1 0 0 1 0 1 1]
 [1 1 1 1 0 0 1 1 0 1 0 1 0 1 0 0 0 1 1 1 0 1 1 0 0 0 0 0 0 0]
 [1 0 0 0 1 0 0 0 1 0 1 0 1 0 0 1 1 1 0 0 1 0 0 1 0 1 0 1 1 1]
 [0 0 0 1 1 1 0 0 1 0 0 0 1 1 1 0 0 0 0 1 0 1 1 0 1 1 0 1 1 1]
 [0 0 0 1 1 0 1 0 1 1 0 0 1 1 1 0 0 0 1 0 1 0 1 0 0 0 0 0 0 0]
 [1 0 0 0 1 0 1 1 1 0 1 0 1 1 1 1 1 1 1 0 0 1 1 1 0 0 0 0 0 1]
 [0 0 1 0 1 1 1 0 1 0 1 0 0 1 1 1 0 1 0 1 0 0 1 1 0 0 1 0 1 1]
 [0 1 1 1 1 0 1 1 1 1 0 1 1 0 0 1 1 0 1 1 0 0 1 1 1 1 0 1 1 1]
 [0 0 1 0 1 1 0 1 1 1 1 0 1 1 1 0 0 1 1 0 0 1 1 0 1 0 1 0 1 0]
 [0 1 0 0 0 0 1 1 1 1 1 1 1 0 1 1 0 1 1 0 1 0 1 0 0 0 1 0 1 1]
 [1 0 0 1 1 0 1 1 0 0 1 1 1 1 0 0 0 1 0 1 0 0 1 1 1 0 1 1 1 1]
 [0 0 0 0 1 1 0 0 0 0 1 1 1 0 0 0 1 0 1 0 1 1 0 1 1 1 1 1 0 0]
 [0 0 0 1 0 0 0 0 1 1 1 1 0 0 1 1 0 0 1 1 1 1 1 0 0 0 0 1 0 1]
 [0 1 0 1 0 1 0 1 0 0 1 0 1 0 0 1 0 0 1 1 0 0 1 1 0 0 1 0 0 0]
 [0 0 1 1 1 1 0 1 1 0 0 1 1 1 1 0 1 0 0 0 0 0 0 1 1 1 1 1 1 0]
 [1 0 1 1 0 1 0 0 0 0 0 1 0 0 1 0 0 0 0 1 0 0 0 0 1 1 0 0 0 1]
 [0 1 1 0 0 1 1 0 1 0 0 1 1 0 0 1 1 0 1 1 1 1 1 1 0 0 0 0 0 0]
 [1 1 1 0 0 1 0 0 1 0 0 0 1 0 1 1 0 0 0 0 1 1 0 1 1 0 0 0 0 0]
 [0 0 1 0 0 0 1 0 0 0 1 0 1 1 0 0 0 1 0 0 1 0 0 0 0 0 0 0 0 1]
 [1 1 0 1 1 0 1 0 0 0 1 1 0 0 0 1 0 1 1 0 0 0 0 0 1 0 0 1 1 0]
 [0 1 1 0 0 1 1 1 0 1 0 1 0 0 1 1 1 1 0 1 1 1 0 0 0 0 1 0 0 0]
 [0 1 0 0 0 0 1 0 1 0 1 0 0 1 0 1 1 0 0 0 1 0 1 1 1 0 1 0 0 0]
 [1 0 0 0 0 1 0 1 1 1 0 0 1 1 1 0 0 0 1 1 0 0 1 0 1 1 1 0 1 1]
 [0 0 1 0 1 0 1 1 0 0 1 0 1 0 0 1 0 0 1 1 1 1 1 0 1 1 0 0 0 1]
 [0 0 1 1 0 1 0 0 0 0 1 0 0 0 0 0 0 0 1 1 1 1 1 0 1 1 0 0 0 0]
 [1 0 1 1 0 0 0 1 0 0 0 1 1 1 0 1 0 0 1 0 1 0 0 0 0 0 1 0 1 1]
 [1 0 0 0 1 0 1 0 0 0 0 0 0 0 0 0 1 0 0 1 0 0 0 1 1 1 0 0 1 0]
 [1 0 0 1 1 1 1 0 0 1 0 1 0 1 0 0 0 0 0 0 1 0 0 0 1 0 0 0 0 1]
 [1 0 1 0 0 1 0 1 0 1 0 1 0 1 1 1 0 1 1 1 0 1 1 1 1 1 0 0 0 1]]",9.723819017410278,"[0. 0. 0. 0. 0. 0. 0. 0. 0. 0. 0. 0. 0. 0. 0. 0. 0. 0. 0. 0. 0. 0. 0. 0.
 1. 1. 1. 0. 0. 0.]",24.0,noncpsolver,2,,8
16,30,30,3,,"[[0 1 1 1 0 0 1 1 1 1 1 1 0 1 1 1 1 1 0 1 0 0 1 0 0 0 0 1 0 1]
 [1 0 0 1 1 1 1 1 0 0 0 0 1 1 0 0 1 1 0 1 1 1 1 0 1 0 1 0 1 1]
 [0 0 0 1 0 1 1 1 1 1 1 0 0 0 1 1 1 0 1 0 1 0 0 0 0 1 0 0 1 0]
 [1 1 0 1 1 0 0 0 0 0 1 0 1 0 0 1 1 0 1 0 1 1 1 1 1 1 1 1 1 1]
 [1 1 1 0 0 0 0 1 1 1 1 1 1 1 0 1 1 0 0 1 0 0 0 0 0 0 1 1 1 0]
 [1 0 1 0 0 0 1 0 0 1 0 0 1 1 0 1 1 1 0 1 1 0 0 1 1 0 1 0 1 0]
 [0 0 0 1 0 1 0 0 1 1 1 1 1 0 0 1 0 1 1 0 0 0 1 0 1 0 0 1 1 0]
 [0 0 1 1 0 0 1 1 0 1 1 1 0 0 0 1 1 0 0 0 1 1 0 1 0 0 0 0 0 1]
 [1 1 0 0 1 1 0 1 0 1 1 1 1 1 0 0 1 1 1 1 0 1 0 0 0 1 1 0 0 1]
 [0 0 1 1 0 1 1 0 1 0 0 1 0 0 1 1 1 0 0 1 1 1 0 1 0 1 1 1 1 0]
 [0 0 1 0 1 1 1 1 1 0 1 0 1 0 1 1 1 0 0 1 1 0 0 0 1 1 1 1 0 1]
 [1 1 1 0 1 0 1 1 1 1 1 1 1 0 1 0 1 1 0 1 0 0 0 0 0 0 1 0 1 0]
 [0 0 0 0 1 0 0 1 0 1 1 1 0 0 1 0 1 1 0 0 0 1 1 0 1 0 0 1 1 0]
 [1 1 0 0 1 0 1 0 1 0 1 0 1 1 1 0 0 1 0 0 1 1 1 0 1 1 1 1 0 0]
 [1 1 1 0 1 0 1 1 0 1 0 1 0 0 0 1 1 0 0 1 1 0 1 1 1 0 1 0 1 0]
 [1 0 0 0 1 1 1 0 1 1 1 1 0 0 1 1 0 0 1 1 0 1 1 1 0 0 0 1 0 0]
 [1 0 0 0 1 1 0 1 1 0 0 1 0 0 0 0 1 1 1 0 1 0 0 0 0 0 0 0 1 0]
 [1 1 0 0 0 0 1 0 0 0 0 0 1 1 0 0 0 1 1 0 0 1 1 0 0 0 1 0 0 1]
 [1 1 1 1 0 0 0 0 0 1 1 0 1 0 1 0 0 0 1 0 0 1 0 1 0 0 1 0 0 0]
 [0 0 1 0 1 1 0 1 0 0 0 1 1 0 1 0 0 1 0 1 1 0 0 1 0 0 0 1 0 1]
 [0 0 1 1 1 1 0 0 1 1 1 0 0 1 1 0 0 0 1 0 1 1 1 0 0 0 0 1 1 1]
 [0 0 1 0 0 0 1 0 1 1 1 0 0 1 1 0 0 0 0 1 1 0 0 1 0 0 1 1 1 0]
 [0 0 0 0 0 0 0 1 1 1 1 1 1 1 0 1 1 0 1 1 0 1 0 0 1 1 0 0 1 0]
 [1 1 1 0 1 0 0 0 1 0 1 1 0 0 1 1 0 1 1 0 0 0 1 1 0 0 0 0 0 0]
 [0 0 1 0 1 0 0 1 0 0 1 0 1 0 0 0 1 0 0 0 1 1 1 1 1 0 0 1 0 0]
 [1 1 1 1 0 0 0 1 1 1 1 0 1 1 1 0 0 0 1 0 0 1 1 1 0 1 0 0 0 0]
 [0 1 1 0 1 1 0 1 1 1 1 0 1 0 0 1 1 1 0 0 1 1 0 0 0 0 0 1 0 1]
 [0 0 0 0 0 0 0 1 1 1 0 0 1 0 1 1 0 0 1 0 1 0 1 1 1 1 1 1 1 0]
 [0 0 0 1 1 0 1 1 1 0 0 0 0 1 1 0 0 1 1 0 0 1 0 1 0 1 1 0 0 1]
 [1 1 0 0 0 0 0 0 1 1 1 1 0 0 0 1 1 0 1 0 1 0 1 1 0 0 1 0 0 1]]",10.80415654182434,"[0. 0. 0. 0. 0. 0. 0. 0. 0. 0. 0. 0. 0. 0. 0. 0. 0. 0. 0. 0. 0. 0. 0. 0.
 0. 1. 1. 1. 0. 0.]",27.0,noncpsolver,2,,10
17,30,30,3,,"[[1 0 0 1 1 1 0 0 0 1 1 1 0 0 1 1 1 0 0 0 0 0 1 1 0 1 0 0 1 1]
 [1 1 1 1 0 0 0 0 0 1 0 0 0 0 0 1 0 1 0 0 1 1 1 0 1 0 1 1 1 0]
 [0 1 0 1 0 0 1 0 0 0 0 1 0 0 1 0 0 1 0 0 0 0 1 1 0 0 0 0 1 0]
 [0 1 0 1 1 0 1 1 1 1 0 1 0 1 0 0 0 0 1 0 1 0 0 0 1 1 1 1 1 1]
 [1 1 1 1 0 0 1 0 0 0 0 1 1 0 0 1 0 1 0 0 0 1 0 1 0 1 1 0 1 1]
 [0 0 0 1 1 0 0 1 0 0 0 0 0 0 1 0 0 1 1 1 0 0 0 0 1 1 1 1 1 0]
 [1 0 1 0 1 0 1 0 0 1 1 1 1 1 1 0 1 1 1 1 0 1 1 1 0 1 0 0 1 1]
 [1 1 1 0 0 0 0 0 0 1 0 1 1 0 1 1 0 0 0 1 0 1 0 1 1 1 1 0 1 0]
 [0 1 0 1 0 0 1 1 1 1 1 1 1 1 1 1 0 1 0 1 1 1 0 0 0 1 0 0 0 1]
 [1 0 1 1 0 0 1 0 0 0 0 1 1 1 0 0 1 1 0 0 1 0 0 1 1 0 0 0 1 1]
 [1 1 0 0 1 1 1 1 0 0 0 0 1 0 0 0 1 0 0 1 0 0 1 1 1 1 1 0 1 0]
 [1 0 0 1 1 1 0 1 0 1 0 1 0 1 1 0 0 1 0 1 0 0 1 0 0 1 0 1 1 0]
 [0 0 1 0 1 1 0 0 0 0 1 0 1 1 1 1 0 1 1 1 1 1 1 0 1 0 0 1 1 0]
 [0 1 1 0 1 1 1 1 1 0 1 0 0 1 1 0 0 0 1 1 0 0 1 0 0 1 0 1 1 1]
 [0 0 0 1 0 1 1 1 1 1 1 1 1 1 0 0 0 0 1 0 1 1 0 1 1 0 0 0 1 0]
 [1 0 1 0 0 0 1 1 1 1 0 1 0 1 1 0 1 1 1 0 1 0 1 0 1 0 0 1 0 1]
 [0 1 0 1 0 0 0 0 0 0 0 0 0 1 0 0 1 0 0 1 1 1 0 1 1 0 1 1 1 0]
 [1 0 0 1 1 0 0 0 0 0 0 1 1 0 1 0 0 0 1 1 0 1 1 1 1 1 1 0 1 1]
 [1 1 1 1 0 0 0 0 0 1 0 1 1 1 0 1 0 0 1 1 1 1 0 1 1 0 0 1 0 1]
 [0 0 0 0 0 1 0 0 0 1 1 0 1 1 1 1 0 0 1 1 1 1 1 1 0 1 0 0 0 0]
 [0 0 0 0 0 0 0 0 1 0 1 1 0 0 0 1 0 0 1 1 1 1 1 0 0 1 0 0 0 0]
 [1 1 1 1 0 1 1 0 0 1 0 1 0 0 0 0 0 0 0 1 1 1 1 0 1 0 0 1 0 1]
 [0 1 0 1 1 1 1 1 1 1 1 0 1 1 1 1 1 0 1 1 0 0 1 0 0 0 0 1 0 1]
 [0 0 0 0 1 0 1 0 1 1 1 1 1 0 0 1 1 1 1 1 0 0 0 1 1 0 1 0 1 1]
 [0 1 1 1 1 1 0 0 0 1 1 1 1 1 0 1 1 1 1 0 0 0 1 1 1 0 0 0 1 0]
 [0 0 0 1 0 1 1 1 1 0 1 0 0 1 1 0 0 0 1 0 0 1 0 1 1 1 1 1 1 0]
 [0 0 1 1 1 0 1 1 1 0 0 0 0 0 0 0 1 0 0 1 0 1 0 1 0 1 0 0 1 1]
 [0 1 0 1 1 1 1 1 1 1 0 1 1 1 1 0 1 1 0 0 0 1 1 1 0 1 0 1 1 0]
 [1 1 1 1 1 1 0 1 1 0 1 0 1 0 1 0 0 1 0 1 0 0 1 1 1 0 0 0 1 0]
 [1 1 0 1 1 1 0 1 0 0 0 0 0 0 1 0 1 1 1 0 1 0 0 0 0 0 0 1 0 0]]",11.393455266952515,"[0. 0. 0. 0. 0. 0. 0. 0. 0. 0. 0. 0. 0. 0. 0. 0. 0. 0. 0. 0. 0. 0. 0. 0.
 0. 0. 0. 1. 1. 1.]",28.0,noncpsolver,2,,15
18,30,30,4,,"[[1 1 0 1 0 1 0 1 0 1 1 0 0 0 1 1 1 1 1 1 0 1 0 0 0 0 1 0 0 0]
 [1 0 1 1 0 1 0 1 1 1 1 0 0 1 0 1 0 1 1 0 0 0 0 1 1 0 1 1 1 1]
 [0 0 0 0 1 1 1 1 0 0 0 1 0 1 1 1 0 1 1 1 0 1 1 1 0 1 0 1 1 0]
 [1 1 0 0 1 1 0 0 1 0 1 0 0 1 1 1 0 1 1 0 1 0 1 0 1 1 1 1 0 0]
 [0 0 0 0 0 1 0 1 0 1 1 0 0 0 1 0 0 0 0 0 0 1 0 1 0 1 1 0 0 0]
 [0 1 0 1 1 0 1 0 1 0 1 1 1 1 1 0 0 1 1 0 0 0 1 1 1 0 1 1 0 0]
 [0 1 0 0 0 1 1 1 0 0 1 0 1 0 0 0 0 1 1 0 0 1 0 0 0 0 1 1 0 1]
 [0 1 0 0 1 0 1 1 1 0 0 1 0 1 0 1 1 0 0 1 1 0 0 0 0 1 1 0 0 1]
 [0 1 0 0 1 0 0 0 1 1 1 0 0 1 1 0 1 0 0 1 0 0 1 0 1 0 1 0 1 0]
 [1 1 1 0 1 0 0 0 1 0 1 1 1 1 1 1 1 1 0 0 1 1 0 0 0 1 1 0 1 1]
 [0 1 1 1 0 1 1 0 1 0 1 0 1 1 1 1 1 0 1 1 0 0 0 0 1 0 1 1 0 1]
 [0 0 1 1 1 1 1 0 0 0 0 1 0 1 1 0 0 1 0 0 0 1 1 1 0 1 1 1 0 1]
 [1 0 0 1 1 0 0 1 1 1 1 1 1 0 1 0 1 0 0 1 0 1 0 1 1 0 1 0 1 0]
 [1 1 0 0 0 1 1 1 0 1 1 0 0 1 0 0 1 1 0 0 1 0 1 0 1 0 1 0 1 1]
 [0 1 0 0 1 1 1 0 0 1 1 1 1 1 0 0 0 1 1 1 0 0 1 1 0 1 0 0 1 1]
 [0 0 1 0 0 0 1 1 0 1 1 0 0 1 0 1 0 0 0 1 0 1 0 1 1 0 0 1 1 0]
 [0 1 1 1 1 0 1 1 0 1 0 1 1 0 1 1 0 1 1 1 1 0 1 1 0 1 0 0 0 1]
 [0 0 1 1 1 1 0 0 0 1 1 1 0 0 0 1 1 1 0 1 0 1 0 1 0 1 1 0 1 1]
 [1 0 1 0 0 0 1 1 1 1 0 0 0 1 1 0 1 0 0 0 0 0 0 1 0 1 0 0 1 1]
 [0 1 1 1 0 0 1 1 0 0 0 0 0 1 1 1 1 1 1 1 0 0 0 1 1 1 0 1 0 0]
 [1 1 1 0 0 1 1 0 1 0 1 1 0 0 0 1 0 0 0 1 1 0 1 1 0 0 1 0 1 1]
 [0 1 1 1 1 1 0 1 0 1 1 1 1 0 0 1 1 0 1 1 1 1 0 0 0 1 1 0 0 0]
 [1 0 1 0 0 1 0 1 1 0 0 1 0 0 1 0 0 0 0 0 0 0 1 0 1 1 0 0 0 1]
 [0 1 1 0 0 0 1 0 1 1 1 1 1 0 1 1 0 1 0 1 0 1 0 1 0 1 0 1 1 0]
 [1 0 1 1 0 1 0 1 1 0 1 0 1 0 0 1 1 1 1 1 0 0 0 1 0 0 1 1 1 0]
 [1 0 0 0 0 1 0 0 1 0 1 1 1 0 1 0 1 1 0 1 1 0 0 1 1 0 1 1 0 1]
 [1 1 1 0 0 1 1 1 1 1 0 1 1 0 1 1 0 1 0 1 1 0 0 0 0 0 1 1 1 1]
 [1 0 0 0 0 1 0 0 0 0 0 0 1 0 0 1 1 0 0 0 0 1 1 1 1 1 1 1 1 1]
 [0 0 1 1 1 0 1 0 0 0 1 1 0 1 0 0 0 1 1 0 0 0 1 1 0 0 0 0 0 1]
 [0 0 0 0 1 0 0 0 0 0 1 0 0 0 0 1 1 0 1 1 0 0 1 1 1 0 0 1 1 0]]",8.191288232803345,"[0. 0. 0. 0. 0. 0. 0. 0. 0. 0. 0. 0. 0. 0. 0. 0. 0. 0. 0. 0. 0. 0. 0. 1.
 1. 1. 1. 0. 0. 0.]",30.0,noncpsolver,2,,8
19,30,30,4,,"[[0 0 1 0 0 0 0 1 0 0 0 0 1 0 1 0 1 0 0 0 1 1 1 0 1 0 0 1 1 0]
 [1 0 0 1 0 1 1 0 0 0 1 1 0 1 1 1 1 1 0 0 1 1 1 1 0 0 1 0 0 0]
 [1 1 1 0 0 1 0 0 0 0 0 1 1 0 1 1 1 1 0 1 1 1 1 1 1 1 1 0 1 1]
 [1 1 1 1 0 0 1 1 1 1 0 0 0 1 0 1 1 1 1 1 0 0 0 0 0 0 1 1 1 0]
 [0 1 0 0 1 1 0 1 0 0 1 0 0 1 0 1 0 1 1 1 0 0 1 1 1 1 1 1 0 0]
 [0 1 0 0 0 0 0 1 0 0 0 0 0 0 0 0 1 0 1 1 1 0 0 0 0 1 1 0 0 0]
 [0 0 1 1 1 0 0 1 0 1 1 0 0 1 0 1 1 1 1 1 1 1 1 0 1 0 1 1 0 1]
 [1 0 1 1 0 0 0 0 1 1 1 1 1 1 1 1 0 0 0 0 0 0 0 1 0 0 0 0 0 1]
 [1 0 0 1 1 1 1 1 1 1 1 0 1 0 0 0 1 1 0 0 0 1 1 1 1 0 1 0 1 1]
 [1 0 0 0 0 0 1 0 0 1 1 1 1 1 1 1 0 0 0 1 1 0 1 1 1 0 1 1 0 1]
 [0 0 0 0 1 1 1 1 0 0 0 0 1 0 1 0 1 0 1 1 1 1 0 1 1 0 1 1 1 0]
 [0 1 1 0 1 0 0 1 1 1 0 0 1 1 1 1 1 0 1 0 0 1 1 0 1 1 1 1 1 0]
 [1 1 0 0 0 1 0 1 1 1 1 1 0 1 0 1 1 0 1 1 0 0 0 1 1 0 1 1 0 1]
 [0 1 0 1 0 0 1 1 1 0 1 1 1 1 1 1 0 1 0 0 0 1 0 0 1 0 1 0 1 1]
 [1 0 1 0 1 1 0 1 0 0 1 1 0 1 1 0 1 0 0 0 1 1 0 0 0 1 1 0 1 0]
 [0 0 1 0 1 0 1 0 1 1 0 0 1 0 0 1 1 0 1 1 0 0 0 0 1 1 1 0 1 0]
 [1 0 1 0 1 0 1 0 0 0 0 1 1 1 0 1 0 0 0 0 1 0 1 1 0 0 1 1 0 1]
 [1 0 0 1 1 1 0 0 0 0 1 1 1 1 1 0 0 1 1 1 1 0 0 1 0 0 1 0 1 0]
 [0 0 0 1 0 0 0 0 1 1 0 1 0 1 0 1 1 1 1 0 0 1 0 0 0 0 0 0 0 0]
 [1 0 1 1 1 0 1 1 1 0 1 0 0 1 0 1 0 0 1 0 0 1 0 0 1 1 0 0 1 0]
 [1 0 1 1 0 0 0 0 1 0 1 0 0 1 0 0 1 1 1 0 0 0 1 0 0 0 0 0 0 1]
 [1 1 0 1 1 0 0 0 1 0 0 1 1 1 0 0 0 0 0 1 0 1 0 1 1 0 0 1 1 1]
 [1 1 0 1 1 1 1 0 1 0 0 0 1 1 1 1 0 0 0 1 1 1 0 0 0 1 1 0 1 0]
 [0 1 1 1 0 0 0 1 1 1 1 0 0 0 0 0 1 0 1 1 1 0 0 0 0 1 1 0 1 1]
 [0 0 0 1 0 0 0 1 0 1 0 0 1 0 1 1 0 0 0 1 1 0 1 1 0 1 1 0 1 0]
 [0 0 1 0 0 0 0 0 0 1 1 1 0 0 1 1 0 0 0 1 1 0 1 0 0 0 0 1 0 0]
 [1 0 0 0 1 0 1 0 0 0 0 1 0 1 0 0 1 1 1 1 1 0 0 1 1 1 0 1 0 0]
 [1 0 0 0 1 1 1 0 1 1 0 0 0 0 1 1 0 1 1 0 1 1 1 0 1 1 0 0 0 0]
 [0 0 0 1 0 1 0 0 1 0 1 1 1 1 0 0 1 0 0 0 0 1 0 1 0 1 1 0 1 1]
 [1 0 1 1 0 1 1 1 0 0 1 1 1 1 1 0 0 0 1 0 0 1 0 0 1 1 0 0 0 1]]",11.846048355102539,"[0. 0. 0. 0. 0. 0. 0. 0. 0. 0. 0. 0. 0. 0. 0. 0. 0. 0. 0. 0. 0. 0. 0. 0.
 0. 0. 1. 1. 1. 1.]",28.0,noncpsolver,2,,10
20,30,30,4,,"[[0 1 1 0 1 1 1 1 0 0 0 1 0 0 0 0 1 1 0 1 1 0 0 1 0 0 1 0 1 1]
 [1 0 1 0 0 0 0 0 0 1 0 1 1 1 1 0 1 0 1 1 1 1 1 0 0 0 0 0 0 0]
 [1 0 0 0 0 0 1 1 0 1 0 1 1 0 1 1 0 1 0 1 1 1 0 1 1 1 0 1 1 0]
 [1 0 0 0 1 1 0 0 1 1 1 1 1 0 1 0 0 1 0 0 0 1 1 1 1 0 0 0 1 0]
 [0 1 1 0 0 0 1 1 1 0 0 1 1 0 0 0 1 1 1 1 0 1 1 1 1 0 0 1 0 0]
 [0 0 1 0 1 1 1 0 0 1 0 0 0 1 0 0 1 0 0 0 1 1 0 0 1 1 0 0 1 0]
 [1 0 1 0 0 1 0 0 1 0 1 1 0 0 0 0 1 0 1 0 1 1 0 0 1 1 1 1 1 1]
 [0 0 0 0 0 1 0 0 0 1 1 0 0 0 0 0 0 0 1 1 0 1 0 1 0 0 1 1 0 0]
 [1 1 0 0 1 0 1 1 1 1 1 1 0 0 0 1 0 0 1 0 1 0 1 1 0 0 0 1 1 0]
 [0 1 1 1 0 0 1 0 0 1 0 0 1 0 1 0 1 1 1 1 0 0 1 1 1 0 0 1 0 1]
 [0 0 0 1 0 1 0 1 1 1 1 0 0 1 1 0 0 0 1 1 1 1 1 0 1 1 1 0 0 1]
 [1 0 1 1 1 1 0 1 0 1 0 0 1 1 0 1 0 1 0 1 1 0 1 1 1 1 1 0 0 0]
 [1 1 1 1 0 1 0 1 1 1 0 0 1 1 1 1 0 0 0 0 1 0 1 0 1 1 1 0 0 1]
 [0 1 0 1 1 1 0 1 0 0 0 0 0 0 0 1 1 1 1 1 1 1 1 0 1 0 1 0 0 1]
 [1 1 1 0 0 0 0 0 1 1 1 1 0 0 1 1 1 0 0 1 1 1 1 0 1 1 1 1 0 0]
 [0 0 1 1 0 1 1 0 0 1 0 0 0 0 0 1 1 0 0 1 0 0 0 1 0 0 0 1 1 1]
 [0 1 1 0 0 0 0 0 1 0 1 0 0 1 0 1 0 1 1 1 0 0 1 1 0 1 0 1 0 0]
 [0 0 1 0 1 0 1 1 0 1 0 0 0 1 0 1 0 1 0 0 0 1 1 1 1 0 0 0 1 1]
 [0 0 1 0 1 1 0 0 1 0 0 1 1 0 1 1 0 0 1 0 1 0 0 0 1 0 1 0 1 1]
 [0 0 1 1 0 1 1 0 1 1 0 1 1 0 1 0 0 1 0 1 0 1 0 0 1 1 0 0 0 1]
 [1 1 1 0 1 0 1 1 1 1 1 0 1 1 0 1 0 0 1 1 1 0 0 0 1 0 0 1 0 0]
 [0 1 0 0 1 1 1 0 1 0 1 1 1 0 0 1 0 0 0 0 0 1 0 1 0 0 1 0 1 0]
 [1 1 1 0 1 0 0 0 1 0 1 0 1 1 1 0 0 1 0 0 1 0 0 1 1 0 1 1 1 0]
 [0 0 0 1 1 1 1 1 1 0 0 1 0 1 1 0 1 0 1 0 0 0 1 1 1 0 0 0 1 0]
 [1 0 0 0 1 1 1 0 1 0 0 1 0 0 0 1 0 0 1 0 0 0 0 1 1 0 1 1 1 0]
 [1 0 0 0 1 0 1 0 1 0 1 0 0 0 0 1 1 1 0 1 1 0 0 0 0 1 0 1 1 1]
 [1 1 0 0 0 1 0 1 1 1 0 0 0 0 0 0 1 0 1 0 1 1 0 0 0 0 0 0 1 1]
 [1 0 1 0 1 0 0 1 0 0 1 1 0 0 0 0 1 1 1 1 0 1 0 1 1 1 0 0 0 0]
 [0 1 1 0 1 1 1 1 0 0 1 1 1 0 1 0 1 0 1 0 1 0 0 0 0 1 0 0 1 1]
 [0 0 1 0 0 1 1 1 0 1 0 1 1 1 1 0 0 0 0 1 1 0 0 0 0 0 1 1 1 1]]",8.907803535461426,"[0. 0. 0. 0. 0. 0. 0. 0. 0. 0. 0. 0. 0. 0. 0. 0. 0. 0. 0. 0. 0. 0. 0. 0.
 0. 1. 1. 1. 1. 0.]",29.0,noncpsolver,2,,15
21,30,30,5,,"[[0 0 1 0 0 1 1 0 1 1 1 0 0 1 0 0 1 1 0 0 1 1 0 1 0 0 0 0 0 0]
 [1 1 1 1 1 0 0 0 0 0 0 1 1 1 1 1 1 0 1 1 0 0 1 0 0 1 1 0 1 0]
 [0 0 0 0 0 1 0 1 1 0 0 1 0 0 0 0 1 1 0 0 1 1 1 0 0 0 0 1 1 0]
 [0 0 1 1 0 0 1 1 0 0 0 1 1 0 0 0 0 0 1 1 0 1 1 1 1 1 0 0 0 0]
 [1 0 0 0 0 1 1 0 0 0 0 0 1 0 1 0 0 1 0 1 1 0 1 1 1 1 1 1 1 0]
 [1 1 1 1 0 0 1 0 1 1 0 1 0 1 0 1 1 0 1 0 0 0 0 0 1 1 0 1 1 1]
 [1 1 0 0 1 0 0 1 1 0 1 1 0 0 1 1 0 1 0 1 1 0 1 1 1 1 0 0 0 0]
 [1 1 1 1 0 1 1 0 0 0 0 0 0 1 0 1 1 0 0 0 1 1 0 0 1 0 1 0 0 1]
 [0 0 1 0 0 1 1 1 1 1 0 0 0 1 1 0 0 0 1 1 1 0 0 1 1 0 1 1 1 0]
 [0 0 0 0 1 0 1 1 1 0 0 1 1 1 0 1 1 1 1 0 1 0 0 0 1 1 0 1 1 0]
 [1 1 1 1 0 0 1 0 0 1 0 0 0 0 0 0 0 1 1 0 0 1 1 0 0 0 0 1 1 0]
 [0 0 0 1 0 1 0 0 0 1 1 1 1 0 1 0 0 1 1 1 0 0 0 1 0 1 0 1 1 1]
 [0 0 1 0 1 1 0 1 0 1 0 0 1 0 0 1 0 0 0 1 1 0 1 1 1 0 1 1 0 1]
 [0 1 0 0 1 0 0 0 0 0 0 1 0 0 0 0 0 1 1 1 1 1 0 0 0 0 1 1 0 0]
 [1 1 0 0 0 0 1 0 0 0 0 1 1 1 1 1 0 0 1 0 0 0 0 1 1 1 1 0 0 0]
 [0 1 0 1 1 0 0 0 0 1 0 1 1 0 0 0 0 1 1 0 0 1 1 1 0 0 0 0 1 0]
 [1 0 1 1 0 0 1 1 0 0 0 0 1 0 1 0 1 1 1 1 1 0 0 1 0 1 0 0 0 0]
 [0 1 0 1 1 0 0 0 1 0 0 0 1 0 0 0 0 0 0 1 1 1 1 0 0 0 0 1 0 1]
 [1 1 0 0 0 0 0 0 1 0 1 0 0 0 0 1 0 0 0 0 0 1 1 0 1 1 0 1 0 1]
 [0 0 0 0 1 1 1 0 1 0 0 0 0 0 0 0 1 1 1 0 1 1 1 1 1 0 0 1 1 0]
 [1 1 1 0 0 0 1 0 0 1 0 1 0 1 0 1 1 0 0 1 1 0 0 0 0 0 0 1 0 1]
 [1 1 0 0 0 1 1 0 1 0 0 1 0 0 0 1 1 1 1 0 0 1 0 0 1 0 1 1 1 0]
 [0 0 1 1 1 0 0 0 1 1 0 1 1 1 1 1 0 0 0 0 0 1 1 1 0 1 1 0 0 0]
 [1 1 1 1 0 1 0 1 1 1 0 0 0 0 0 0 1 0 1 1 1 0 1 1 1 1 0 1 1 1]
 [1 1 1 0 0 1 1 1 0 0 0 1 1 0 1 0 1 0 0 1 1 0 1 1 0 0 1 1 0 0]
 [0 0 1 0 0 0 1 0 0 0 0 0 0 1 0 0 0 1 1 1 0 1 0 0 1 0 1 0 1 1]
 [0 0 0 0 1 0 0 1 0 1 1 1 0 0 1 0 1 0 1 0 1 1 1 1 1 0 1 0 1 1]
 [1 1 1 1 0 0 0 0 0 0 1 0 1 0 0 0 1 1 1 0 1 0 0 0 1 0 1 0 1 0]
 [1 1 0 1 0 0 0 0 0 0 1 1 0 1 1 1 0 0 0 1 1 0 0 1 1 0 0 1 1 1]
 [0 1 0 0 0 1 1 0 0 1 0 0 0 0 0 0 1 1 0 0 1 0 1 0 0 1 0 0 1 1]]",9.521079063415527,"[0. 0. 0. 0. 0. 0. 0. 0. 0. 0. 0. 0. 0. 0. 0. 0. 0. 0. 0. 0. 0. 0. 0. 1.
 1. 1. 1. 1. 0. 0.]",30.0,noncpsolver,2,,8
22,30,30,5,,"[[0 1 0 1 0 0 0 0 1 0 0 1 0 0 1 1 1 0 1 1 0 1 0 1 0 0 1 1 0 0]
 [0 0 0 0 0 0 0 1 0 1 0 1 1 1 1 0 1 1 1 1 0 1 1 0 0 0 1 0 1 0]
 [0 0 0 1 1 0 0 0 1 1 1 0 1 1 1 1 1 0 1 1 1 0 0 0 0 1 0 1 1 0]
 [1 1 1 0 0 0 0 0 1 0 0 0 1 0 1 1 0 1 0 0 0 0 0 1 0 1 0 1 0 1]
 [1 1 0 0 1 0 1 0 1 0 0 1 0 1 1 1 0 1 1 0 1 0 1 1 0 1 1 0 0 1]
 [0 0 1 1 0 1 0 0 1 1 1 1 1 0 1 0 0 1 0 0 0 1 1 0 0 1 0 1 0 0]
 [1 0 0 1 1 1 1 1 0 0 1 0 1 0 1 0 1 1 0 0 1 0 1 1 0 0 0 0 1 1]
 [1 0 1 1 1 0 1 0 1 1 1 1 1 0 0 1 1 0 0 0 0 0 1 1 1 1 0 0 1 0]
 [1 0 0 0 0 0 1 0 1 0 0 1 0 1 0 0 0 0 1 1 0 1 0 1 0 1 1 0 1 0]
 [1 0 0 0 0 0 0 1 0 1 1 1 1 1 0 1 0 0 1 1 1 1 0 1 0 1 1 0 0 1]
 [1 1 0 0 0 0 1 0 0 0 0 1 0 0 1 1 1 0 0 1 0 0 1 1 0 0 1 0 0 1]
 [1 1 0 1 1 1 1 0 1 0 0 0 0 0 1 1 0 0 1 1 1 0 0 0 1 0 0 1 0 0]
 [1 1 1 1 0 0 0 1 0 0 0 0 0 0 0 0 1 0 1 1 0 1 0 0 1 1 1 0 1 0]
 [0 0 1 0 0 1 0 0 1 1 1 1 1 0 1 0 1 1 0 1 0 0 0 0 0 1 0 0 1 1]
 [0 0 0 0 0 0 1 1 0 1 1 1 1 1 0 1 0 1 1 1 0 1 0 0 0 0 0 1 1 0]
 [1 0 0 1 1 0 0 1 1 1 0 0 1 1 0 0 1 1 0 1 0 1 1 1 0 1 1 0 1 0]
 [1 0 0 1 1 0 1 0 0 0 0 1 1 0 0 1 1 1 0 1 1 1 1 1 0 0 0 1 1 1]
 [0 0 1 0 1 1 0 0 1 0 1 1 0 0 1 1 1 1 1 0 0 1 0 1 0 1 1 1 0 0]
 [0 0 0 1 1 1 0 0 1 0 1 0 0 0 0 0 1 1 0 0 0 0 1 1 0 1 0 1 0 0]
 [0 0 0 0 1 0 1 1 0 1 0 1 0 0 0 0 1 0 0 1 1 0 1 0 0 1 0 0 0 1]
 [0 0 0 0 1 1 0 0 1 0 0 1 1 1 0 1 0 0 1 1 1 1 1 0 0 0 0 0 0 1]
 [0 1 0 1 0 1 0 0 1 1 1 1 0 1 0 1 0 0 1 1 0 1 0 1 0 1 1 1 0 1]
 [0 0 1 1 0 0 0 0 0 0 1 0 1 0 0 0 1 0 0 1 0 0 0 0 1 1 0 0 0 0]
 [1 1 1 1 1 1 1 1 0 1 1 0 1 0 1 0 0 1 1 1 1 0 1 0 1 0 0 0 0 0]
 [0 0 1 0 1 1 1 1 0 1 1 0 0 1 0 1 0 1 0 0 0 0 1 1 1 1 0 0 0 1]
 [0 1 1 1 1 1 1 0 1 1 1 0 1 0 0 1 1 0 0 0 1 1 0 0 1 0 1 1 0 0]
 [1 0 1 1 1 0 0 0 1 0 1 1 0 1 1 0 1 1 0 1 0 1 1 0 1 1 0 1 0 1]
 [0 1 0 0 0 1 0 1 0 1 0 1 1 1 0 0 1 0 0 0 1 0 1 1 0 1 1 0 1 0]
 [1 1 1 0 1 0 1 0 1 0 0 1 0 0 1 1 1 0 1 1 1 0 1 0 1 1 1 0 1 1]
 [0 1 1 0 1 0 0 1 1 1 0 1 1 0 1 0 0 1 0 0 1 0 0 0 1 0 1 1 0 0]]",8.470045804977417,"[0. 0. 0. 0. 0. 0. 0. 0. 0. 0. 0. 0. 0. 0. 0. 0. 0. 0. 0. 0. 0. 0. 1. 1.
 1. 1. 1. 0. 0. 0.]",29.0,noncpsolver,2,,10
23,30,30,5,,"[[0 1 1 0 1 1 1 0 0 1 0 1 0 0 0 1 1 0 1 1 1 1 1 1 1 0 1 1 1 1]
 [0 1 1 1 1 0 1 1 0 0 1 1 0 1 1 1 0 0 1 1 0 1 0 0 0 0 1 1 0 0]
 [1 0 0 0 0 1 0 0 0 1 1 1 0 0 0 1 0 0 0 1 0 0 1 1 1 1 0 0 1 0]
 [0 0 1 1 0 1 1 0 0 1 1 0 0 1 1 1 1 0 0 1 0 1 0 1 0 0 1 1 1 1]
 [0 1 0 0 0 1 1 0 1 0 0 0 1 1 0 0 0 0 1 1 0 0 0 0 1 1 1 0 1 0]
 [0 1 0 0 0 0 1 0 1 1 0 0 0 0 0 1 0 0 0 1 1 0 1 1 0 0 0 0 0 0]
 [0 0 1 1 1 1 1 0 0 0 1 1 0 0 1 0 1 0 0 1 1 0 0 0 0 0 1 0 0 1]
 [1 1 1 0 0 0 1 1 0 0 0 1 0 1 0 0 0 0 1 0 1 1 0 0 1 1 0 0 1 0]
 [0 0 1 1 1 0 1 1 0 0 0 0 0 1 0 1 0 1 1 1 1 1 1 0 1 1 0 0 0 1]
 [1 1 1 0 1 0 0 1 1 0 0 1 0 1 0 1 1 1 0 0 0 1 0 0 1 0 1 1 0 0]
 [1 1 1 1 1 1 1 0 0 0 0 0 0 0 1 0 0 1 0 1 1 0 1 0 1 1 1 0 1 1]
 [1 1 0 0 0 0 1 0 0 1 0 1 1 1 0 0 0 1 1 0 0 0 1 1 1 0 0 0 0 0]
 [1 1 0 1 1 0 0 1 0 1 0 1 0 0 0 1 1 1 1 0 1 0 1 0 1 0 1 0 1 1]
 [0 0 1 0 1 0 1 0 1 1 0 0 0 0 1 0 0 0 1 1 0 0 1 0 1 1 1 0 0 0]
 [1 1 0 0 0 0 1 1 1 0 0 0 1 0 0 1 0 0 0 0 1 1 0 1 1 1 0 1 1 0]
 [1 1 0 1 1 1 1 1 0 1 0 0 0 1 0 1 1 0 1 0 0 0 0 0 1 0 0 1 1 0]
 [0 0 1 0 0 1 1 1 0 1 1 1 0 1 0 0 0 1 1 1 0 0 0 1 0 0 1 1 1 1]
 [0 0 0 1 0 0 0 1 0 1 0 0 1 1 0 1 0 0 0 1 1 1 0 1 0 0 1 1 1 0]
 [0 0 1 1 1 0 1 1 0 1 1 0 0 0 1 0 1 1 1 1 0 0 1 0 0 0 1 1 0 1]
 [0 0 0 1 1 0 1 1 1 1 1 0 1 0 0 1 0 0 0 0 1 0 1 0 1 0 0 0 0 1]
 [0 0 1 0 1 0 1 0 1 1 0 0 1 0 1 1 1 1 0 0 1 1 1 1 0 1 1 1 1 1]
 [0 1 1 1 1 0 0 1 1 0 1 0 1 0 0 0 0 0 0 0 0 1 0 0 1 1 0 0 1 0]
 [0 1 0 1 1 0 1 1 0 0 0 1 1 1 0 0 1 1 0 1 0 1 1 1 0 1 0 1 1 1]
 [1 0 1 0 1 1 1 1 0 0 0 0 1 0 1 0 0 1 1 1 0 0 1 1 0 1 1 1 0 0]
 [0 0 1 1 1 1 0 0 0 0 1 0 0 1 0 0 0 1 0 0 0 0 1 1 1 0 1 0 1 1]
 [0 0 1 0 1 0 1 1 0 0 0 1 0 1 1 0 0 1 0 1 0 1 1 0 0 0 0 0 0 0]
 [1 0 1 0 0 0 1 0 0 1 1 0 0 0 0 0 1 0 0 0 0 0 0 0 0 1 1 0 1 0]
 [0 1 0 0 0 1 0 0 0 0 0 1 0 1 0 0 0 0 0 0 1 1 0 0 1 0 0 0 1 1]
 [0 1 0 1 1 0 1 1 0 0 0 0 0 1 1 0 0 0 1 0 0 0 0 0 1 0 0 0 1 1]
 [1 1 1 0 1 1 0 1 1 0 1 1 0 1 1 1 0 0 0 0 0 1 0 1 0 1 1 0 1 0]]",7.758300304412842,"[0. 0. 0. 0. 0. 0. 0. 0. 0. 0. 0. 0. 0. 0. 0. 0. 0. 0. 0. 0. 0. 0. 1. 1.
 1. 1. 1. 0. 0. 0.]",30.0,noncpsolver,2,,15
24,30,30,6,,"[[0 1 1 1 1 0 0 0 1 1 0 0 1 1 1 1 0 0 1 0 1 0 0 0 1 0 0 1 1 1]
 [0 0 0 0 1 0 0 0 0 0 1 1 0 0 0 0 0 0 0 1 1 1 0 1 0 0 1 0 0 0]
 [1 1 1 0 1 0 0 1 0 0 1 0 0 1 0 0 0 1 1 0 1 0 1 1 1 1 0 1 0 1]
 [1 1 0 1 0 0 0 1 0 0 1 1 1 0 0 0 0 0 1 1 0 0 0 1 1 0 1 1 1 0]
 [1 1 0 0 1 1 1 1 0 1 0 0 0 0 1 0 1 0 1 0 1 0 1 1 0 1 1 0 1 0]
 [0 0 1 0 0 0 1 0 1 0 1 1 1 0 1 1 1 0 1 1 0 1 0 0 1 0 1 0 0 1]
 [1 0 0 1 1 0 1 1 1 0 0 0 1 1 1 1 0 1 1 1 0 0 0 0 1 1 0 0 1 0]
 [1 0 1 0 1 0 0 0 0 0 1 0 1 1 1 1 1 1 0 1 1 0 0 0 0 0 0 0 0 0]
 [1 0 1 1 0 0 1 0 1 1 0 1 0 0 0 0 1 0 1 0 0 0 1 0 1 0 0 1 1 0]
 [0 0 0 0 0 0 0 0 1 0 1 1 0 0 1 0 0 0 0 1 0 1 1 1 0 1 0 1 1 1]
 [0 1 0 1 1 0 1 1 1 0 1 0 1 1 1 1 0 1 1 0 0 1 0 1 0 1 1 0 0 1]
 [0 0 0 0 1 0 1 1 0 1 1 1 1 0 0 1 1 0 0 0 0 1 0 1 0 1 1 1 0 0]
 [0 1 0 0 1 1 1 1 1 0 0 0 0 0 1 0 0 1 0 0 0 1 1 0 0 1 0 0 0 1]
 [1 1 1 1 1 1 1 1 0 1 1 1 0 0 0 0 1 1 0 1 1 0 0 1 0 1 0 1 1 0]
 [0 0 1 0 0 1 1 0 0 1 0 1 1 1 0 1 0 0 0 0 0 0 1 0 0 0 0 1 1 0]
 [0 0 1 0 1 1 0 0 1 1 1 0 1 1 0 1 0 1 1 1 1 0 0 1 0 0 0 1 1 1]
 [1 0 1 1 1 1 1 1 0 0 1 0 0 0 1 0 1 0 1 1 0 0 0 1 1 1 0 1 1 0]
 [1 0 0 1 0 1 0 1 0 0 0 1 0 0 1 1 1 0 1 1 0 0 1 0 1 1 1 1 1 1]
 [1 0 0 0 1 1 0 0 0 0 1 0 1 1 1 1 1 0 0 1 1 1 0 1 0 0 0 0 0 0]
 [0 1 1 1 0 1 1 0 0 1 0 1 0 0 0 1 1 1 0 1 0 0 0 0 0 1 0 1 0 0]
 [0 0 0 1 0 1 0 1 1 1 1 0 0 0 1 1 0 1 0 1 1 0 0 0 0 0 1 1 0 1]
 [1 1 0 1 1 0 1 1 1 0 1 1 0 1 1 1 0 0 0 1 0 1 1 0 0 0 1 0 1 0]
 [1 0 1 0 0 0 1 0 0 1 0 0 0 0 0 0 0 0 1 1 0 0 1 0 0 1 1 1 0 1]
 [1 1 0 0 1 0 0 1 1 1 0 0 1 0 1 1 1 1 1 0 1 0 0 1 0 0 1 0 1 1]
 [0 1 0 1 1 1 1 0 1 0 0 0 1 0 0 1 1 1 0 0 1 0 1 0 0 1 1 1 1 1]
 [0 0 1 1 1 0 1 0 1 1 1 1 0 0 1 1 1 1 0 0 1 1 0 1 1 0 1 0 1 0]
 [0 1 1 0 1 1 0 1 1 0 1 1 0 0 1 0 0 0 1 1 1 0 0 0 1 1 1 1 1 1]
 [1 0 0 0 0 1 1 0 1 1 0 0 0 1 0 0 1 1 1 1 0 1 1 1 0 1 0 1 1 1]
 [0 0 1 1 1 1 1 1 0 1 1 1 0 1 1 0 1 1 1 0 0 1 0 0 0 0 0 0 0 1]
 [1 1 1 0 0 0 0 0 1 0 0 1 0 1 1 1 1 1 0 0 1 0 0 0 0 0 0 1 0 1]]",9.976041316986084,"[0. 0. 0. 0. 0. 0. 0. 0. 0. 0. 0. 0. 0. 0. 0. 0. 0. 0. 0. 0. 0. 0. 1. 1.
 1. 1. 1. 1. 0. 0.]",28.0,noncpsolver,2,,8
25,30,30,6,,"[[0 0 0 0 1 1 0 1 1 1 1 0 0 0 1 1 1 0 1 0 0 1 1 0 0 0 0 0 1 1]
 [1 0 0 0 1 0 0 1 1 0 0 0 1 0 1 1 0 0 0 0 0 0 0 1 1 0 0 1 1 0]
 [0 1 0 1 1 1 1 0 1 0 1 1 0 0 1 0 0 0 0 0 1 0 0 0 1 1 0 1 1 1]
 [0 1 0 1 0 0 1 0 1 1 0 1 1 1 1 0 1 0 0 0 0 1 0 1 1 0 1 0 0 1]
 [1 1 1 1 0 0 1 0 0 0 0 0 0 1 1 1 1 0 0 0 0 0 0 0 0 0 0 0 1 1]
 [0 0 1 0 1 0 0 1 0 0 1 0 1 1 1 0 0 1 0 1 1 1 0 0 0 0 0 1 0 0]
 [1 1 0 0 0 1 0 1 1 1 1 0 0 1 0 1 1 0 1 1 0 0 0 1 0 0 1 0 1 0]
 [0 0 1 0 0 1 0 0 1 0 0 0 0 1 0 0 1 0 1 1 0 1 1 1 0 1 1 0 1 0]
 [1 1 1 0 0 0 1 1 1 1 1 0 0 1 0 0 1 0 1 0 0 0 0 0 0 0 0 0 0 1]
 [0 1 0 0 0 0 0 1 1 1 1 0 1 1 0 0 1 1 0 0 1 1 0 0 0 0 0 0 1 1]
 [1 1 0 1 1 1 0 1 0 1 1 0 0 0 0 1 1 0 1 0 0 0 0 1 1 1 1 0 0 0]
 [1 0 0 1 0 1 1 1 0 0 1 1 1 0 0 0 1 0 1 1 1 1 0 1 0 1 0 0 1 1]
 [1 1 0 0 0 1 1 0 1 0 1 1 0 1 1 0 0 1 1 0 0 0 0 0 1 0 0 0 1 0]
 [0 1 0 1 0 0 1 1 0 0 0 1 1 0 1 1 0 1 1 0 0 0 1 1 1 0 1 1 0 0]
 [1 1 1 0 0 1 1 1 1 0 0 1 0 0 0 1 0 1 1 0 1 0 1 0 1 0 0 1 0 1]
 [0 1 1 0 0 1 0 0 1 0 1 0 1 0 0 0 0 1 0 1 1 0 0 1 1 1 1 1 0 1]
 [1 0 1 1 1 1 1 0 1 0 1 0 0 1 1 0 0 0 0 0 1 1 0 1 0 1 0 0 1 1]
 [0 0 0 0 0 1 1 0 0 1 0 1 0 0 1 1 1 1 1 1 0 1 0 0 1 1 1 1 1 0]
 [0 0 0 1 1 1 0 1 0 1 1 1 1 1 1 1 0 0 0 0 0 0 0 1 0 1 1 0 1 1]
 [1 1 0 0 1 0 0 0 0 1 0 0 1 0 0 0 1 1 0 0 1 0 1 0 0 0 0 1 1 0]
 [1 1 0 1 0 0 0 0 0 0 1 1 1 1 1 1 0 1 0 1 0 1 0 0 1 0 1 1 1 1]
 [1 0 1 0 1 1 0 0 0 0 1 0 1 0 0 0 0 0 1 0 0 0 1 1 0 0 1 0 0 0]
 [1 0 0 0 0 1 0 0 1 0 1 0 1 1 1 0 1 0 0 1 1 0 0 1 0 1 0 1 0 1]
 [0 0 0 1 0 1 1 0 0 0 0 0 0 0 1 1 0 0 0 1 0 1 1 0 1 1 0 1 1 1]
 [0 0 0 0 0 0 0 0 1 1 0 0 0 0 0 1 0 1 0 1 0 1 0 1 1 1 1 0 0 0]
 [1 0 1 1 1 1 1 1 1 0 0 1 1 0 0 1 1 0 1 1 0 1 1 0 1 1 1 0 1 0]
 [1 0 1 0 1 0 1 0 0 1 1 1 0 0 1 1 1 1 1 0 1 0 1 0 0 0 0 1 0 1]
 [0 0 1 1 0 0 0 0 0 0 0 1 0 0 0 1 0 0 1 0 1 0 1 1 0 1 1 1 1 0]
 [0 1 0 0 1 0 1 1 0 0 1 0 1 0 0 1 0 1 0 1 0 1 1 1 0 1 0 0 1 0]
 [1 1 0 1 1 1 0 0 0 0 1 0 1 0 0 0 1 0 0 0 0 0 1 1 1 0 0 1 0 0]]",9.67185926437378,"[0. 0. 0. 0. 0. 0. 0. 0. 0. 0. 0. 0. 0. 0. 0. 0. 0. 0. 0. 0. 0. 0. 0. 0.
 1. 1. 1. 1. 1. 1.]",30.0,noncpsolver,2,,10
26,30,30,6,,"[[0 1 1 0 0 0 0 0 0 1 0 1 1 0 0 0 1 0 1 0 1 1 0 0 0 1 1 1 0 1]
 [1 0 0 1 0 0 1 0 0 1 0 0 0 0 1 1 0 1 0 0 0 0 1 0 0 0 1 0 0 1]
 [1 0 1 1 0 0 1 1 1 0 1 0 1 0 0 0 0 0 0 1 0 0 1 0 0 0 1 0 0 0]
 [1 1 0 1 1 0 1 0 1 1 0 1 1 0 1 0 1 1 1 0 0 0 0 0 0 0 1 1 1 0]
 [0 1 1 1 0 0 1 0 0 0 1 1 1 1 1 0 1 1 1 1 1 1 1 1 1 1 0 1 0 0]
 [1 1 1 0 1 1 0 0 1 1 0 1 0 1 0 0 1 1 1 1 1 0 0 0 1 1 0 1 1 1]
 [0 0 0 0 1 0 1 0 1 0 1 0 1 1 1 1 0 1 0 1 1 1 1 0 0 0 1 0 1 0]
 [1 1 0 1 0 0 0 0 0 1 1 1 1 0 0 0 0 0 1 0 1 0 1 0 0 1 0 1 1 0]
 [1 0 0 1 1 0 1 0 1 1 1 1 1 1 0 1 0 1 0 1 0 1 1 1 1 0 1 0 0 1]
 [0 0 0 1 0 0 1 0 0 0 1 1 1 0 1 0 1 1 1 0 0 0 1 0 0 0 1 0 1 1]
 [0 0 0 0 0 0 0 1 0 0 0 1 0 0 0 1 1 1 1 1 0 1 0 0 1 0 0 1 0 0]
 [1 1 0 1 0 1 1 0 0 0 1 0 1 0 0 1 1 0 1 0 0 0 0 1 0 0 0 0 0 0]
 [1 0 1 1 0 1 1 1 1 0 0 0 1 1 0 1 1 0 0 0 0 0 1 0 1 1 1 1 0 0]
 [0 1 1 0 1 0 1 1 0 0 0 0 1 1 1 1 1 0 1 0 0 0 1 1 1 1 0 1 0 0]
 [1 1 0 1 1 0 1 1 1 0 1 0 1 0 1 1 0 0 0 0 0 0 0 0 1 1 1 0 1 1]
 [1 1 1 1 0 1 1 1 0 0 1 1 0 0 1 1 1 0 0 1 0 1 0 0 0 0 0 1 1 0]
 [0 1 1 0 1 0 0 1 0 0 1 0 1 1 1 1 0 0 1 0 1 1 1 1 1 0 1 0 0 0]
 [0 1 0 1 1 1 0 1 1 1 0 1 0 0 1 1 1 1 1 1 1 0 0 0 1 1 1 1 0 0]
 [0 0 0 0 0 0 1 1 1 0 1 1 0 0 0 0 0 0 0 0 0 1 1 0 0 0 0 1 1 0]
 [1 1 0 1 1 0 1 0 1 0 1 1 0 1 1 0 1 1 0 0 0 0 1 1 0 0 0 1 0 0]
 [0 0 1 1 1 0 1 0 1 0 1 1 0 1 1 1 0 1 1 1 1 0 1 1 0 0 1 0 0 1]
 [0 0 1 1 0 1 1 0 0 0 1 0 0 1 1 0 0 1 1 1 0 0 1 1 0 0 0 1 1 0]
 [1 1 1 1 0 0 0 0 0 1 0 0 1 1 0 0 0 1 1 0 1 0 1 0 1 1 1 0 1 1]
 [0 1 1 1 1 0 1 0 0 0 0 0 1 0 0 0 1 0 1 1 0 0 1 1 1 1 0 1 0 0]
 [1 1 0 0 0 0 0 1 0 0 0 1 0 0 0 0 0 0 1 0 1 1 0 1 1 1 0 0 1 0]
 [1 1 0 1 0 0 1 0 1 0 0 0 1 0 0 0 0 1 1 1 0 0 1 1 1 0 1 1 1 1]
 [1 1 0 0 1 1 0 1 1 1 1 1 0 0 0 1 1 1 0 1 1 1 1 0 0 1 0 0 1 1]
 [0 1 0 1 1 0 0 0 1 0 0 1 0 0 0 0 0 0 1 0 0 1 0 1 0 0 0 1 1 0]
 [0 0 1 1 0 1 0 1 0 0 0 0 0 0 1 1 0 0 0 0 1 1 0 1 1 1 1 0 0 0]
 [0 1 0 1 1 1 0 1 0 1 0 0 0 0 0 0 0 0 0 0 0 1 1 0 0 1 0 1 1 1]]",7.72381067276001,"[0. 0. 0. 0. 0. 0. 0. 0. 0. 0. 0. 0. 0. 0. 0. 0. 0. 0. 0. 0. 0. 1. 1. 1.
 1. 1. 1. 0. 0. 0.]",30.0,noncpsolver,2,,15
27,30,30,7,,"[[0 0 0 1 0 1 0 1 1 0 1 0 1 1 1 1 1 0 0 1 0 0 1 0 1 1 1 0 1 0]
 [0 1 0 0 0 1 0 1 0 1 0 0 0 0 0 1 0 0 1 1 0 1 1 1 1 0 0 0 0 1]
 [1 0 1 1 0 1 1 1 0 0 1 0 0 1 1 1 0 1 1 1 0 1 1 0 1 0 1 1 1 1]
 [0 0 1 1 1 1 1 0 1 1 1 0 0 0 0 1 0 1 1 0 0 1 0 1 1 0 0 1 1 1]
 [0 1 1 1 0 0 1 1 0 1 0 0 1 0 0 0 1 1 0 0 0 1 0 0 1 1 1 0 0 1]
 [1 0 0 1 1 0 1 0 1 1 0 1 0 1 1 1 0 0 1 1 1 0 0 1 0 1 0 0 0 0]
 [1 0 0 0 1 1 0 0 0 1 1 1 0 1 1 1 0 1 1 0 0 1 1 1 1 0 1 1 1 1]
 [0 1 0 0 1 0 1 0 0 0 1 0 0 1 0 0 0 1 0 1 0 0 0 0 1 0 1 1 0 0]
 [0 0 1 1 1 0 1 1 1 1 0 1 1 0 0 0 0 1 0 1 0 1 1 1 0 0 0 0 1 0]
 [0 1 0 1 0 0 1 0 0 1 0 1 1 0 0 0 0 1 1 1 1 1 0 0 1 1 0 0 1 1]
 [0 0 1 0 1 0 1 1 1 1 1 0 0 1 0 1 1 1 0 1 1 0 1 1 1 1 1 1 1 1]
 [1 1 0 0 0 0 0 0 1 1 1 0 0 0 0 0 1 1 0 0 1 0 0 1 0 0 0 0 1 0]
 [1 0 0 0 0 1 1 0 1 0 1 1 1 1 0 1 0 1 1 1 0 1 0 1 0 0 0 1 1 0]
 [0 0 0 1 0 0 0 1 1 1 0 1 1 1 1 0 1 0 0 1 0 0 1 0 1 1 0 1 1 0]
 [0 0 1 0 1 1 1 0 0 1 1 1 0 0 1 0 1 1 0 1 0 1 0 0 1 0 1 1 1 0]
 [1 0 1 0 1 1 1 1 0 0 1 0 0 1 1 1 1 1 0 0 0 0 1 1 0 1 1 0 1 1]
 [1 0 0 1 0 0 0 0 1 0 1 0 0 0 1 1 0 1 0 1 1 1 1 0 0 0 1 0 1 0]
 [0 0 1 0 0 0 1 1 0 1 0 0 1 0 1 1 1 0 0 1 1 1 0 0 1 1 1 0 0 0]
 [1 0 0 0 1 1 0 1 1 0 0 0 1 1 1 1 1 0 1 0 1 0 0 0 0 1 1 0 1 1]
 [0 1 1 1 0 0 1 0 0 1 0 1 1 0 1 0 1 1 0 1 1 1 0 0 0 1 1 0 1 1]
 [1 1 0 1 1 0 1 1 1 1 0 1 1 0 0 0 1 1 1 1 1 1 0 0 0 0 0 1 1 1]
 [0 1 0 0 0 0 0 0 1 0 1 0 1 1 1 0 0 0 0 1 0 1 0 1 1 1 0 1 1 1]
 [1 1 1 1 0 0 0 0 1 0 1 0 0 0 1 0 0 1 1 1 0 1 0 1 0 1 1 0 0 0]
 [1 0 0 1 1 0 0 0 1 1 1 0 1 0 0 0 0 0 1 1 0 1 1 1 0 0 0 0 0 0]
 [0 1 0 0 0 1 0 1 0 0 1 0 0 0 0 0 0 1 1 0 0 0 0 1 1 0 1 1 1 0]
 [1 0 1 1 0 0 1 0 1 1 0 1 0 0 0 1 1 1 0 0 0 1 1 1 0 1 1 1 0 0]
 [0 1 0 0 0 0 0 0 1 1 0 1 0 1 1 0 0 1 1 0 1 0 0 1 0 0 1 0 0 0]
 [0 0 0 0 1 1 1 0 1 1 1 0 0 0 0 0 0 1 1 0 0 1 1 0 0 1 0 0 1 1]
 [0 0 0 1 1 0 1 0 0 0 0 0 1 1 1 1 0 0 0 0 0 0 1 0 1 1 1 0 1 1]
 [0 0 1 0 0 1 1 1 1 1 1 1 0 0 1 1 1 0 0 1 0 0 1 1 1 0 0 0 1 0]]",7.191501140594482,"[0. 0. 0. 0. 0. 0. 0. 0. 0. 0. 0. 0. 0. 0. 0. 0. 0. 0. 0. 0. 1. 1. 1. 1.
 1. 1. 1. 0. 0. 0.]",30.0,noncpsolver,2,,8
28,30,30,7,,"[[0 1 0 0 0 1 0 1 0 0 0 0 1 0 0 1 0 1 1 1 1 0 1 1 1 0 0 1 0 0]
 [1 1 1 1 0 1 1 1 0 1 1 1 1 0 1 0 1 1 1 0 0 1 1 0 1 1 1 0 0 0]
 [0 1 1 0 1 1 0 1 1 0 1 1 0 0 0 1 0 1 0 0 1 0 1 0 0 1 1 0 0 1]
 [1 1 1 0 0 1 0 0 0 0 1 1 0 1 0 1 0 1 1 0 0 1 1 1 1 1 0 1 1 1]
 [0 0 0 1 1 0 1 0 0 0 1 0 1 1 0 1 0 1 0 1 0 0 0 1 0 1 0 1 0 1]
 [1 0 1 1 0 0 1 0 0 1 1 0 0 0 1 0 0 0 1 1 1 0 0 1 1 0 1 1 1 0]
 [1 1 1 1 0 1 1 1 0 1 1 0 0 1 1 1 0 1 1 1 1 1 0 0 0 1 1 0 1 1]
 [1 1 0 1 0 0 1 1 1 0 0 1 1 1 0 1 1 1 0 0 1 1 0 1 1 1 0 1 0 1]
 [0 1 0 1 1 0 0 0 0 1 1 1 0 0 1 1 0 0 0 1 1 1 1 1 0 0 0 0 1 0]
 [1 1 1 1 1 1 0 1 1 0 0 0 1 1 1 0 1 0 1 0 0 0 1 0 1 0 0 0 1 1]
 [0 1 0 0 1 0 0 1 0 1 0 0 0 0 0 1 0 0 0 0 0 1 1 1 0 1 1 0 1 0]
 [1 1 1 0 1 0 0 1 1 1 0 1 1 1 0 1 0 0 1 1 1 1 0 1 1 1 1 1 0 0]
 [1 0 0 0 0 1 0 1 0 1 0 1 0 1 0 1 0 1 1 1 0 0 1 1 1 0 0 0 0 0]
 [0 0 1 1 0 1 0 0 1 1 1 0 0 0 1 1 0 1 1 0 0 0 0 1 0 0 0 0 1 1]
 [0 0 1 0 1 0 1 1 0 0 0 1 0 1 0 1 0 1 1 1 1 0 0 0 0 1 0 0 0 0]
 [0 0 0 0 1 1 1 0 0 1 1 1 1 0 0 0 1 1 1 0 1 1 1 1 1 1 1 0 1 0]
 [0 0 1 0 0 0 0 0 1 0 0 1 1 0 0 0 1 0 0 1 0 0 0 1 0 1 1 0 1 0]
 [0 1 0 0 1 0 0 0 1 1 1 0 0 1 1 1 1 0 0 0 1 1 0 1 1 1 0 0 0 0]
 [1 1 1 0 0 0 0 1 0 1 0 1 0 1 1 0 1 0 1 0 0 1 0 1 0 1 1 0 1 1]
 [1 1 0 0 0 1 1 0 0 1 0 0 1 1 1 1 0 1 0 0 1 0 0 1 0 0 0 0 1 0]
 [0 1 0 1 0 1 1 0 1 0 0 1 0 0 1 0 1 1 0 0 0 0 1 1 0 0 1 0 1 0]
 [0 0 0 1 1 0 0 1 0 0 0 0 1 0 1 0 0 0 0 1 1 1 1 0 0 0 1 1 1 1]
 [0 0 0 1 1 1 0 0 1 1 0 1 1 1 1 0 1 1 0 1 1 1 1 1 1 0 0 0 1 1]
 [1 1 0 0 1 1 0 1 0 0 1 1 1 0 0 0 0 1 1 1 1 0 1 0 1 0 0 0 1 0]
 [1 1 1 0 1 0 0 0 0 0 1 0 0 0 0 0 0 0 0 0 0 1 1 0 1 0 0 0 1 0]
 [0 1 1 1 0 1 1 0 1 0 1 1 0 1 0 0 0 0 0 0 0 1 1 0 1 1 1 0 1 1]
 [1 1 1 1 0 1 1 1 0 1 0 1 0 1 0 1 1 1 1 1 0 1 1 0 0 1 1 0 1 0]
 [0 0 0 0 1 0 0 0 0 0 1 0 0 1 0 0 0 1 1 0 0 1 0 1 0 1 1 0 0 0]
 [0 0 1 0 1 0 1 0 0 0 1 0 1 1 1 1 1 0 1 1 1 1 1 1 0 0 1 1 1 1]
 [0 0 0 0 0 0 1 0 0 0 0 0 1 1 0 1 0 1 0 0 0 1 1 1 0 0 1 1 0 1]]",8.25339674949646,"[0. 0. 0. 0. 0. 0. 0. 0. 0. 0. 0. 0. 0. 0. 0. 0. 0. 0. 0. 0. 0. 0. 1. 1.
 1. 1. 1. 1. 1. 0.]",30.0,noncpsolver,2,,10
29,30,30,7,,"[[1 0 1 1 0 1 1 1 1 0 0 1 1 1 1 1 1 0 1 1 1 1 1 1 0 0 1 0 1 1]
 [0 1 0 1 1 1 0 1 0 1 0 1 0 0 0 0 0 0 1 0 1 0 0 0 1 1 1 1 1 0]
 [1 0 1 1 1 0 1 1 1 1 1 0 0 0 1 0 0 0 1 1 1 1 0 0 0 1 0 0 1 1]
 [1 0 1 1 1 1 0 0 1 0 0 1 0 0 0 1 0 0 1 1 1 1 0 1 0 0 0 1 0 1]
 [1 0 0 0 1 0 0 0 1 1 0 0 0 1 1 0 0 0 0 0 1 1 1 0 0 1 1 0 0 0]
 [0 0 0 1 0 0 1 0 0 0 1 1 1 0 1 0 0 1 0 0 0 1 0 1 1 0 0 0 0 1]
 [1 1 0 0 1 1 0 1 1 0 0 1 0 1 1 1 1 1 1 1 0 1 0 0 0 1 1 0 1 1]
 [0 1 1 0 1 1 1 1 1 0 1 1 0 1 0 1 1 0 0 0 1 1 0 0 0 1 1 0 0 1]
 [1 0 0 1 0 0 1 1 0 0 1 1 1 0 0 0 0 0 0 0 1 1 1 1 0 0 1 1 1 1]
 [1 0 0 0 1 0 1 1 1 0 0 1 0 0 0 1 0 0 0 1 1 1 0 1 1 0 1 1 0 0]
 [0 0 1 1 0 0 1 1 0 1 0 1 0 1 0 1 0 1 0 1 0 1 1 1 0 0 0 1 1 1]
 [1 0 0 1 1 1 0 0 0 0 0 1 0 1 1 0 0 0 1 1 1 0 0 1 0 1 0 1 1 1]
 [1 1 0 0 1 0 1 0 0 1 0 0 0 1 1 0 1 1 1 0 0 1 1 0 1 0 0 0 1 1]
 [0 1 1 0 1 0 1 1 1 0 1 0 0 1 1 1 0 0 1 1 1 0 1 0 0 0 0 1 0 1]
 [0 0 0 0 0 1 1 0 1 0 0 0 1 1 1 0 1 1 0 1 1 0 0 0 1 1 1 0 0 0]
 [0 1 0 1 0 0 0 1 1 1 0 1 0 1 0 1 0 1 1 1 1 0 1 0 0 1 0 1 1 0]
 [0 0 0 0 0 0 1 1 0 1 1 0 0 1 1 0 1 0 1 1 1 0 0 0 1 0 1 0 1 1]
 [1 0 1 0 1 0 1 1 0 1 1 0 1 1 0 0 1 1 1 1 0 1 0 1 0 1 0 1 1 0]
 [0 1 0 1 0 0 0 1 1 0 1 1 1 1 1 0 0 0 1 1 0 1 0 0 1 0 0 1 0 1]
 [1 1 1 0 0 1 0 0 0 1 0 0 1 1 0 0 1 0 0 1 1 0 0 0 0 1 0 0 0 0]
 [0 0 1 1 0 1 0 1 1 0 0 1 0 0 1 0 0 0 0 0 1 1 1 0 0 0 1 1 1 0]
 [0 1 0 1 0 1 0 1 0 0 0 1 1 0 1 0 1 1 0 1 0 0 1 1 0 1 1 0 1 1]
 [1 1 1 1 1 1 0 1 1 0 0 0 0 0 0 1 0 0 1 1 1 0 0 1 1 1 0 0 0 0]
 [0 1 1 1 0 1 1 1 0 0 1 1 0 1 1 1 1 1 1 1 1 0 0 0 1 0 1 0 0 0]
 [0 1 0 1 1 0 0 1 1 1 1 1 0 0 0 0 1 0 1 0 0 0 1 1 1 0 1 0 0 0]
 [1 0 0 0 0 0 0 1 0 1 0 0 0 0 0 1 0 1 1 0 0 1 0 0 1 1 1 0 0 0]
 [1 0 0 0 0 0 1 1 0 1 0 1 1 1 0 1 1 1 1 1 1 0 1 0 0 0 0 1 0 0]
 [1 0 1 1 1 0 1 0 0 1 1 0 0 1 1 1 0 0 1 0 1 0 0 0 1 1 1 0 1 0]
 [0 0 1 1 0 0 0 0 1 0 1 0 0 1 1 1 0 1 0 0 0 1 0 0 0 1 1 1 0 0]
 [1 0 0 1 0 0 1 1 0 0 0 1 1 1 0 0 0 1 1 0 0 0 1 0 1 1 0 1 0 1]]",8.668000221252441,"[0. 0. 0. 0. 0. 0. 0. 0. 0. 0. 0. 0. 0. 0. 0. 0. 0. 0. 0. 0. 0. 1. 1. 1.
 1. 1. 1. 1. 0. 0.]",30.0,noncpsolver,2,,15
